tier,step,rows_in,rows_out,ts
agg,-1.0,0.0,0.0,2026/01/16-22:07:06.008
agg,0.0,0.0,0.0,2026/01/16-22:09:16.049
agg,1.0,0.0,0.0,2026/01/16-22:09:16.061
agg,2.0,0.0,0.0,2026/01/16-22:09:16.071
agg,3.0,0.0,0.0,2026/01/16-22:09:16.086
agg,4.0,0.0,0.0,2026/01/16-22:09:16.099
agg,5.0,0.0,0.0,2026/01/16-22:09:17.014
agg,6.0,0.0,0.0,2026/01/16-22:09:17.030
agg,7.0,0.0,0.0,2026/01/16-22:09:17.044
agg,8.0,0.0,0.0,2026/01/16-22:09:17.061
agg,9.0,0.0,0.0,2026/01/16-22:09:17.075
agg,10.0,0.0,0.0,2026/01/16-22:09:17.091
agg,11.0,0.0,0.0,2026/01/16-22:09:18.007
agg,12.0,0.0,0.0,2026/01/16-22:09:18.022
agg,13.0,0.0,0.0,2026/01/16-22:09:18.043
agg,14.0,0.0,0.0,2026/01/16-22:09:18.056
agg,15.0,0.0,0.0,2026/01/16-22:09:18.072
agg,16.0,0.0,0.0,2026/01/16-22:09:18.089
agg,17.0,0.0,0.0,2026/01/16-22:09:19.006
agg,18.0,0.0,0.0,2026/01/16-22:09:19.020
agg,19.0,0.0,0.0,2026/01/16-22:09:19.037
agg,20.0,0.0,0.0,2026/01/16-22:09:19.052
agg,21.0,0.0,0.0,2026/01/16-22:09:19.066
agg,22.0,0.0,0.0,2026/01/16-22:09:19.083
agg,23.0,0.0,0.0,2026/01/16-22:09:20.005
agg,24.0,0.0,0.0,2026/01/16-22:09:20.027
agg,25.0,0.0,0.0,2026/01/16-22:09:20.039
agg,26.0,0.0,0.0,2026/01/16-22:09:20.054
agg,27.0,0.0,0.0,2026/01/16-22:09:20.065
agg,28.0,0.0,0.0,2026/01/16-22:09:20.078
agg,29.0,0.0,0.0,2026/01/16-22:09:20.093
agg,30.0,0.0,0.0,2026/01/16-22:09:21.008
agg,31.0,0.0,0.0,2026/01/16-22:09:21.022
agg,32.0,0.0,0.0,2026/01/16-22:09:21.039
agg,33.0,176740.0,176.0,2026/01/16-22:10:05.081
agg,34.0,483170.0,481.0,2026/01/16-22:10:06.004
agg,35.0,492480.0,491.0,2026/01/16-22:10:06.028
agg,36.0,220300.0,219.0,2026/01/16-22:10:06.042
agg,37.0,176730.0,176.0,2026/01/16-22:10:06.057
agg,38.0,176730.0,176.0,2026/01/16-22:10:06.073
agg,39.0,176730.0,176.0,2026/01/16-22:10:06.088
agg,40.0,176730.0,176.0,2026/01/16-22:10:07.004
agg,41.0,176730.0,176.0,2026/01/16-22:10:07.018
agg,42.0,176730.0,176.0,2026/01/16-22:10:07.034
agg,43.0,176730.0,176.0,2026/01/16-22:10:07.049
agg,44.0,176730.0,176.0,2026/01/16-22:10:07.064
agg,45.0,485510.0,484.0,2026/01/16-22:10:07.088
agg,46.0,490110.0,488.0,2026/01/16-22:10:08.011
agg,47.0,219850.0,217.0,2026/01/16-22:10:08.025
agg,48.0,176730.0,176.0,2026/01/16-22:10:08.040
agg,49.0,176730.0,176.0,2026/01/16-22:10:08.055
agg,50.0,176730.0,176.0,2026/01/16-22:10:08.070
agg,51.0,176730.0,176.0,2026/01/16-22:10:08.086
agg,52.0,176730.0,176.0,2026/01/16-22:10:09.001
agg,53.0,176730.0,176.0,2026/01/16-22:10:09.016
agg,54.0,176730.0,176.0,2026/01/16-22:10:09.032
agg,55.0,176730.0,176.0,2026/01/16-22:10:09.047
agg,56.0,482240.0,480.0,2026/01/16-22:10:09.075
agg,57.0,491360.0,490.0,2026/01/16-22:10:10.003
agg,58.0,220120.0,217.0,2026/01/16-22:10:10.018
agg,59.0,176740.0,176.0,2026/01/16-22:10:10.034
agg,60.0,176740.0,176.0,2026/01/16-22:10:10.050
agg,61.0,176740.0,176.0,2026/01/16-22:10:10.065
agg,62.0,176740.0,176.0,2026/01/16-22:10:10.081
agg,63.0,176740.0,176.0,2026/01/16-22:10:10.097
agg,64.0,176740.0,176.0,2026/01/16-22:10:11.012
agg,65.0,176740.0,176.0,2026/01/16-22:10:11.028
agg,66.0,176740.0,176.0,2026/01/16-22:10:11.044
agg,67.0,483170.0,481.0,2026/01/16-22:10:11.068
agg,68.0,489440.0,487.0,2026/01/16-22:10:11.096
agg,69.0,219780.0,218.0,2026/01/16-22:10:12.014
agg,70.0,176730.0,176.0,2026/01/16-22:10:12.030
agg,71.0,176730.0,176.0,2026/01/16-22:10:12.047
agg,72.0,176730.0,176.0,2026/01/16-22:10:12.063
agg,73.0,176730.0,176.0,2026/01/16-22:10:12.080
agg,74.0,176730.0,176.0,2026/01/16-22:10:12.096
agg,75.0,176730.0,176.0,2026/01/16-22:10:13.012
agg,76.0,176730.0,176.0,2026/01/16-22:10:13.027
agg,77.0,176730.0,176.0,2026/01/16-22:10:13.043
agg,78.0,481360.0,480.0,2026/01/16-22:10:13.070
agg,79.0,485240.0,483.0,2026/01/16-22:10:13.096
agg,80.0,219090.0,218.0,2026/01/16-22:10:14.014
agg,81.0,176720.0,176.0,2026/01/16-22:10:14.028
agg,82.0,176720.0,176.0,2026/01/16-22:10:14.043
agg,83.0,40960.0,40.0,2026/01/16-22:13:20.092
agg,84.0,40960.0,40.0,2026/01/16-22:13:21.005
agg,85.0,40960.0,40.0,2026/01/16-22:13:21.019
agg,86.0,40960.0,40.0,2026/01/16-22:13:21.032
agg,87.0,40960.0,40.0,2026/01/16-22:13:21.045
agg,88.0,40960.0,40.0,2026/01/16-22:13:21.058
agg,89.0,57360.0,56.0,2026/01/16-22:13:21.080
agg,90.0,65516.0,64.0,2026/01/16-22:13:22.004
agg,91.0,40960.0,40.0,2026/01/16-22:13:22.018
agg,92.0,40960.0,40.0,2026/01/16-22:13:22.030
agg,93.0,40960.0,40.0,2026/01/16-22:13:22.045
agg,94.0,40960.0,40.0,2026/01/16-22:13:22.059
agg,95.0,40960.0,40.0,2026/01/16-22:13:22.071
agg,96.0,40960.0,40.0,2026/01/16-22:13:22.085
agg,97.0,40960.0,40.0,2026/01/16-22:13:23.000
agg,98.0,40960.0,40.0,2026/01/16-22:13:23.012
agg,99.0,40960.0,40.0,2026/01/16-22:13:23.027
agg,100.0,57360.0,56.0,2026/01/16-22:13:23.053
agg,101.0,65516.0,64.0,2026/01/16-22:13:23.077
agg,102.0,40960.0,40.0,2026/01/16-22:13:23.092
agg,103.0,40960.0,40.0,2026/01/16-22:13:24.004
agg,104.0,40960.0,40.0,2026/01/16-22:13:24.019
agg,105.0,40960.0,40.0,2026/01/16-22:13:24.034
agg,106.0,40960.0,40.0,2026/01/16-22:13:24.048
agg,107.0,40960.0,40.0,2026/01/16-22:13:24.064
agg,108.0,40960.0,40.0,2026/01/16-22:13:24.078
agg,109.0,40960.0,40.0,2026/01/16-22:13:24.092
agg,110.0,40960.0,40.0,2026/01/16-22:13:25.007
agg,111.0,57360.0,56.0,2026/01/16-22:13:25.033
agg,112.0,65516.0,64.0,2026/01/16-22:13:25.055
agg,113.0,40960.0,40.0,2026/01/16-22:13:25.070
agg,114.0,40960.0,40.0,2026/01/16-22:13:25.083
agg,115.0,40960.0,40.0,2026/01/16-22:13:25.098
agg,116.0,40960.0,40.0,2026/01/16-22:13:26.012
agg,117.0,40960.0,40.0,2026/01/16-22:13:26.026
agg,118.0,40960.0,40.0,2026/01/16-22:13:26.041
agg,119.0,40960.0,40.0,2026/01/16-22:13:26.056
agg,120.0,40960.0,40.0,2026/01/16-22:13:26.070
agg,121.0,40960.0,40.0,2026/01/16-22:13:26.084
agg,122.0,57360.0,56.0,2026/01/16-22:13:27.006
agg,123.0,65516.0,64.0,2026/01/16-22:13:27.032
agg,124.0,40960.0,40.0,2026/01/16-22:13:27.046
agg,125.0,40960.0,40.0,2026/01/16-22:13:27.061
agg,126.0,40960.0,40.0,2026/01/16-22:13:27.076
agg,127.0,40960.0,40.0,2026/01/16-22:13:27.089
agg,128.0,40960.0,40.0,2026/01/16-22:13:28.001
agg,129.0,40960.0,40.0,2026/01/16-22:13:28.014
agg,130.0,40960.0,40.0,2026/01/16-22:13:28.029
agg,131.0,40960.0,40.0,2026/01/16-22:13:28.043
agg,132.0,40960.0,40.0,2026/01/16-22:13:28.056
agg,133.0,57360.0,56.0,2026/01/16-22:13:28.081
agg,134.0,65516.0,64.0,2026/01/16-22:13:29.001
agg,135.0,40960.0,40.0,2026/01/16-22:13:29.013
agg,136.0,40960.0,40.0,2026/01/16-22:13:29.028
agg,137.0,40960.0,40.0,2026/01/16-22:13:29.042
agg,138.0,40960.0,40.0,2026/01/16-22:13:29.053
agg,139.0,40960.0,40.0,2026/01/16-22:13:29.068
agg,140.0,40960.0,40.0,2026/01/16-22:13:29.082
agg,141.0,40960.0,40.0,2026/01/16-22:13:29.097
agg,142.0,40960.0,40.0,2026/01/16-22:13:30.011
agg,143.0,40960.0,40.0,2026/01/16-22:13:30.025
agg,144.0,57360.0,56.0,2026/01/16-22:13:30.051
agg,145.0,65516.0,64.0,2026/01/16-22:13:30.077
agg,146.0,40960.0,40.0,2026/01/16-22:13:30.090
agg,147.0,40960.0,40.0,2026/01/16-22:13:31.006
agg,148.0,40960.0,40.0,2026/01/16-22:13:31.021
agg,149.0,40960.0,40.0,2026/01/16-22:13:31.033
agg,150.0,40960.0,40.0,2026/01/16-22:13:31.047
agg,151.0,40960.0,40.0,2026/01/16-22:13:31.059
agg,152.0,40960.0,40.0,2026/01/16-22:13:31.072
agg,153.0,40960.0,40.0,2026/01/16-22:13:31.086
agg,154.0,40960.0,40.0,2026/01/16-22:13:32.002
agg,155.0,57360.0,56.0,2026/01/16-22:13:32.025
agg,156.0,65516.0,64.0,2026/01/16-22:13:32.050
agg,157.0,40960.0,40.0,2026/01/16-22:13:32.066
agg,158.0,40960.0,40.0,2026/01/16-22:13:32.081
agg,159.0,40960.0,40.0,2026/01/16-22:13:32.096
agg,160.0,40960.0,40.0,2026/01/16-22:13:33.010
agg,161.0,40960.0,40.0,2026/01/16-22:13:33.022
agg,162.0,40960.0,40.0,2026/01/16-22:13:33.035
agg,163.0,40960.0,40.0,2026/01/16-22:13:33.047
agg,164.0,40960.0,40.0,2026/01/16-22:13:33.059
agg,165.0,40960.0,40.0,2026/01/16-22:13:33.074
agg,166.0,57360.0,56.0,2026/01/16-22:13:33.095
agg,167.0,65516.0,64.0,2026/01/16-22:13:34.020
agg,168.0,40960.0,40.0,2026/01/16-22:13:34.033
agg,169.0,40960.0,40.0,2026/01/16-22:13:34.045
agg,170.0,40960.0,40.0,2026/01/16-22:13:34.060
agg,171.0,40960.0,40.0,2026/01/16-22:13:34.074
agg,172.0,40960.0,40.0,2026/01/16-22:13:34.088
agg,173.0,40960.0,40.0,2026/01/16-22:13:35.000
agg,174.0,40960.0,40.0,2026/01/16-22:13:35.012
agg,175.0,40960.0,40.0,2026/01/16-22:13:35.025
agg,176.0,40960.0,40.0,2026/01/16-22:13:35.040
agg,177.0,57360.0,56.0,2026/01/16-22:13:35.066
agg,178.0,65516.0,64.0,2026/01/16-22:13:35.088
agg,179.0,40960.0,40.0,2026/01/16-22:13:36.002
agg,180.0,40960.0,40.0,2026/01/16-22:13:36.017
agg,181.0,40960.0,40.0,2026/01/16-22:13:36.030
agg,182.0,40960.0,40.0,2026/01/16-22:13:36.043
agg,183.0,40960.0,40.0,2026/01/16-22:13:36.059
agg,184.0,40960.0,40.0,2026/01/16-22:13:36.074
agg,185.0,40960.0,40.0,2026/01/16-22:13:36.089
agg,186.0,40960.0,40.0,2026/01/16-22:13:37.005
agg,187.0,40960.0,40.0,2026/01/16-22:13:37.020
agg,188.0,57360.0,56.0,2026/01/16-22:13:37.046
agg,189.0,65516.0,64.0,2026/01/16-22:13:37.068
agg,190.0,40960.0,40.0,2026/01/16-22:13:37.083
agg,191.0,40960.0,40.0,2026/01/16-22:13:37.099
agg,192.0,40960.0,40.0,2026/01/16-22:13:38.012
agg,193.0,40960.0,40.0,2026/01/16-22:13:38.024
agg,194.0,40960.0,40.0,2026/01/16-22:13:38.039
agg,195.0,40960.0,40.0,2026/01/16-22:13:38.054
agg,196.0,40960.0,40.0,2026/01/16-22:13:38.069
agg,197.0,40960.0,40.0,2026/01/16-22:13:38.081
agg,198.0,40960.0,40.0,2026/01/16-22:13:38.096
agg,199.0,57360.0,56.0,2026/01/16-22:13:39.018
agg,200.0,65516.0,64.0,2026/01/16-22:13:39.038
agg,201.0,40960.0,40.0,2026/01/16-22:13:39.054
agg,202.0,40960.0,40.0,2026/01/16-22:13:39.066
agg,203.0,40960.0,40.0,2026/01/16-22:13:39.079
agg,204.0,40960.0,40.0,2026/01/16-22:13:39.094
agg,205.0,40960.0,40.0,2026/01/16-22:13:40.008
agg,206.0,40960.0,40.0,2026/01/16-22:13:40.024
agg,207.0,40960.0,40.0,2026/01/16-22:13:40.037
agg,208.0,40960.0,40.0,2026/01/16-22:13:40.051
agg,209.0,40960.0,40.0,2026/01/16-22:13:40.066
agg,210.0,57360.0,56.0,2026/01/16-22:13:40.092
agg,211.0,65516.0,64.0,2026/01/16-22:13:41.012
agg,212.0,40960.0,40.0,2026/01/16-22:13:41.025
agg,213.0,40960.0,40.0,2026/01/16-22:13:41.041
agg,214.0,40960.0,40.0,2026/01/16-22:13:41.056
agg,215.0,40960.0,40.0,2026/01/16-22:13:41.071
agg,216.0,40960.0,40.0,2026/01/16-22:13:41.087
agg,217.0,40960.0,40.0,2026/01/16-22:13:42.002
agg,218.0,40960.0,40.0,2026/01/16-22:13:42.017
agg,219.0,40960.0,40.0,2026/01/16-22:13:42.032
agg,220.0,40960.0,40.0,2026/01/16-22:13:42.048
agg,221.0,57360.0,56.0,2026/01/16-22:13:42.068
agg,222.0,65516.0,64.0,2026/01/16-22:13:42.088
agg,223.0,40960.0,40.0,2026/01/16-22:13:43.002
agg,224.0,40960.0,40.0,2026/01/16-22:13:43.015
agg,225.0,40960.0,40.0,2026/01/16-22:13:43.027
agg,226.0,40960.0,40.0,2026/01/16-22:13:43.041
agg,227.0,40960.0,40.0,2026/01/16-22:13:43.053
agg,228.0,40960.0,40.0,2026/01/16-22:13:43.067
agg,229.0,40960.0,40.0,2026/01/16-22:13:43.082
agg,230.0,40960.0,40.0,2026/01/16-22:13:43.096
agg,231.0,40960.0,40.0,2026/01/16-22:13:44.012
agg,232.0,57360.0,56.0,2026/01/16-22:13:44.038
agg,233.0,65516.0,64.0,2026/01/16-22:13:44.060
agg,234.0,40960.0,40.0,2026/01/16-22:13:44.074
agg,235.0,40960.0,40.0,2026/01/16-22:13:44.087
agg,236.0,40960.0,40.0,2026/01/16-22:13:45.002
agg,237.0,40960.0,40.0,2026/01/16-22:13:45.017
agg,238.0,40960.0,40.0,2026/01/16-22:13:45.031
agg,239.0,40960.0,40.0,2026/01/16-22:13:45.044
agg,240.0,40960.0,40.0,2026/01/16-22:13:45.059
agg,241.0,40960.0,40.0,2026/01/16-22:13:45.072
agg,242.0,40960.0,40.0,2026/01/16-22:13:45.084
agg,243.0,57360.0,56.0,2026/01/16-22:13:46.010
agg,244.0,65516.0,64.0,2026/01/16-22:13:46.037
agg,245.0,40960.0,40.0,2026/01/16-22:13:46.049
agg,246.0,40960.0,40.0,2026/01/16-22:13:46.064
agg,247.0,40960.0,40.0,2026/01/16-22:13:46.079
agg,248.0,40960.0,40.0,2026/01/16-22:13:46.093
agg,249.0,40960.0,40.0,2026/01/16-22:13:47.009
agg,250.0,40960.0,40.0,2026/01/16-22:13:47.023
agg,251.0,40960.0,40.0,2026/01/16-22:13:47.038
agg,252.0,40960.0,40.0,2026/01/16-22:13:47.051
agg,253.0,40960.0,40.0,2026/01/16-22:13:47.066
agg,254.0,57360.0,56.0,2026/01/16-22:13:47.092
agg,255.0,65516.0,64.0,2026/01/16-22:13:48.013
agg,256.0,40960.0,40.0,2026/01/16-22:13:48.027
agg,257.0,40960.0,40.0,2026/01/16-22:13:48.043
agg,258.0,40960.0,40.0,2026/01/16-22:13:48.055
agg,259.0,40960.0,40.0,2026/01/16-22:13:48.069
agg,260.0,40960.0,40.0,2026/01/16-22:13:48.084
agg,261.0,40960.0,40.0,2026/01/16-22:13:49.000
agg,262.0,40960.0,40.0,2026/01/16-22:13:49.015
agg,263.0,40960.0,40.0,2026/01/16-22:13:49.031
agg,264.0,40960.0,40.0,2026/01/16-22:13:49.046
agg,265.0,57360.0,56.0,2026/01/16-22:13:49.065
agg,266.0,65516.0,64.0,2026/01/16-22:13:49.087
agg,267.0,40960.0,40.0,2026/01/16-22:13:50.000
agg,268.0,40960.0,40.0,2026/01/16-22:13:50.015
agg,269.0,40960.0,40.0,2026/01/16-22:13:50.030
agg,270.0,40960.0,40.0,2026/01/16-22:13:50.043
agg,271.0,40960.0,40.0,2026/01/16-22:13:50.058
agg,272.0,40960.0,40.0,2026/01/16-22:13:50.073
agg,273.0,40960.0,40.0,2026/01/16-22:13:50.087
agg,274.0,40960.0,40.0,2026/01/16-22:13:51.000
agg,275.0,40960.0,40.0,2026/01/16-22:13:51.016
agg,276.0,57360.0,56.0,2026/01/16-22:13:51.034
agg,277.0,260120.0,258.0,2026/01/16-22:15:55.089
agg,278.0,177290.0,174.0,2026/01/16-22:15:55.090
agg,279.0,177530.0,175.0,2026/01/16-22:15:55.090
agg,280.0,177590.0,176.0,2026/01/16-22:15:56.000
agg,281.0,178810.0,178.0,2026/01/16-22:15:56.015
agg,282.0,178210.0,176.0,2026/01/16-22:15:56.028
agg,283.0,178330.0,176.0,2026/01/16-22:15:56.042
agg,284.0,178350.0,176.0,2026/01/16-22:15:56.054
agg,285.0,177510.0,176.0,2026/01/16-22:15:56.069
agg,286.0,177570.0,176.0,2026/01/16-22:15:56.084
agg,287.0,254170.0,252.0,2026/01/16-22:15:57.003
agg,288.0,259919.0,258.0,2026/01/16-22:15:57.029
agg,289.0,177590.0,175.0,2026/01/16-22:15:57.042
agg,290.0,177530.0,175.0,2026/01/16-22:15:57.057
agg,291.0,177710.0,175.0,2026/01/16-22:15:57.072
agg,292.0,177710.0,175.0,2026/01/16-22:15:57.088
agg,293.0,178550.0,177.0,2026/01/16-22:15:58.000
agg,294.0,178850.0,178.0,2026/01/16-22:15:58.015
agg,295.0,177590.0,175.0,2026/01/16-22:15:58.030
agg,296.0,177550.0,175.0,2026/01/16-22:15:58.045
agg,297.0,178780.0,178.0,2026/01/16-22:15:58.058
agg,298.0,254030.0,252.0,2026/01/16-22:15:58.081
agg,299.0,260089.0,258.0,2026/01/16-22:15:59.007
agg,300.0,177430.0,176.0,2026/01/16-22:15:59.020
agg,301.0,178140.0,176.0,2026/01/16-22:15:59.035
agg,302.0,178750.0,177.0,2026/01/16-22:15:59.048
agg,303.0,177970.0,176.0,2026/01/16-22:15:59.062
agg,304.0,178510.0,176.0,2026/01/16-22:15:59.075
agg,305.0,178350.0,176.0,2026/01/16-22:15:59.087
agg,306.0,178680.0,177.0,2026/01/16-22:16:00.000
agg,307.0,178760.0,177.0,2026/01/16-22:16:00.013
agg,308.0,178200.0,176.0,2026/01/16-22:16:00.030
agg,309.0,254130.0,253.0,2026/01/16-22:16:00.052
agg,310.0,259760.0,257.0,2026/01/16-22:16:00.076
agg,311.0,177330.0,174.0,2026/01/16-22:16:00.092
agg,312.0,178490.0,178.0,2026/01/16-22:16:01.005
agg,313.0,178490.0,178.0,2026/01/16-22:16:01.018
agg,314.0,178480.0,178.0,2026/01/16-22:16:01.031
agg,315.0,177690.0,174.0,2026/01/16-22:16:01.046
agg,316.0,178580.0,178.0,2026/01/16-22:16:01.058
agg,317.0,177530.0,175.0,2026/01/16-22:16:01.073
agg,318.0,177760.0,175.0,2026/01/16-22:16:01.088
agg,319.0,178550.0,178.0,2026/01/16-22:16:02.001
agg,320.0,252830.0,250.0,2026/01/16-22:16:02.022
agg,321.0,259859.0,258.0,2026/01/16-22:16:02.046
agg,322.0,177490.0,176.0,2026/01/16-22:16:02.059
agg,323.0,178470.0,177.0,2026/01/16-22:16:02.072
agg,324.0,177570.0,176.0,2026/01/16-22:16:02.087
agg,325.0,178790.0,177.0,2026/01/16-22:16:03.003
agg,326.0,178500.0,177.0,2026/01/16-22:16:03.015
agg,327.0,177590.0,176.0,2026/01/16-22:16:03.030
agg,328.0,177860.0,177.0,2026/01/16-22:16:03.045
agg,329.0,178630.0,177.0,2026/01/16-22:16:03.058
agg,330.0,178670.0,177.0,2026/01/16-22:16:03.070
agg,331.0,252680.0,250.0,2026/01/16-22:16:03.091
agg,332.0,259619.0,257.0,2026/01/16-22:16:04.018
agg,333.0,177500.0,176.0,2026/01/16-22:16:04.032
agg,334.0,178730.0,176.0,2026/01/16-22:16:04.045
agg,335.0,177720.0,176.0,2026/01/16-22:16:04.060
agg,336.0,177730.0,176.0,2026/01/16-22:16:04.075
agg,337.0,178380.0,176.0,2026/01/16-22:16:04.090
agg,338.0,177740.0,176.0,2026/01/16-22:16:05.005
agg,339.0,177770.0,176.0,2026/01/16-22:16:05.020
agg,340.0,177710.0,176.0,2026/01/16-22:16:05.035
agg,341.0,177760.0,176.0,2026/01/16-22:16:05.050
agg,342.0,253360.0,251.0,2026/01/16-22:16:05.076
agg,343.0,260010.0,258.0,2026/01/16-22:16:05.097
agg,344.0,177450.0,176.0,2026/01/16-22:16:06.011
agg,345.0,177540.0,176.0,2026/01/16-22:16:06.026
agg,346.0,178970.0,178.0,2026/01/16-22:16:06.042
agg,347.0,177650.0,176.0,2026/01/16-22:16:06.057
agg,348.0,177700.0,176.0,2026/01/16-22:16:06.072
agg,349.0,177620.0,176.0,2026/01/16-22:16:06.088
agg,350.0,177660.0,176.0,2026/01/16-22:16:07.003
agg,351.0,177520.0,176.0,2026/01/16-22:16:07.018
agg,352.0,177660.0,176.0,2026/01/16-22:16:07.034
agg,353.0,254010.0,252.0,2026/01/16-22:16:07.059
agg,354.0,260510.0,258.0,2026/01/16-22:16:07.080
agg,355.0,177540.0,175.0,2026/01/16-22:16:07.093
agg,356.0,178520.0,176.0,2026/01/16-22:16:08.006
agg,357.0,177500.0,175.0,2026/01/16-22:16:08.022
agg,358.0,178400.0,176.0,2026/01/16-22:16:08.035
agg,359.0,177580.0,176.0,2026/01/16-22:16:08.051
agg,360.0,177850.0,176.0,2026/01/16-22:16:08.066
agg,361.0,178620.0,176.0,2026/01/16-22:16:08.079
agg,362.0,177590.0,175.0,2026/01/16-22:16:08.094
agg,363.0,178490.0,176.0,2026/01/16-22:16:09.007
agg,364.0,254080.0,252.0,2026/01/16-22:16:09.033
agg,365.0,259600.0,258.0,2026/01/16-22:16:09.055
agg,366.0,177380.0,175.0,2026/01/16-22:16:09.071
agg,367.0,177640.0,175.0,2026/01/16-22:16:09.087
agg,368.0,177500.0,175.0,2026/01/16-22:16:10.002
agg,369.0,178380.0,176.0,2026/01/16-22:16:10.014
agg,370.0,178700.0,177.0,2026/01/16-22:16:10.031
agg,371.0,177810.0,175.0,2026/01/16-22:16:10.046
agg,372.0,177440.0,175.0,2026/01/16-22:16:10.062
agg,373.0,177580.0,175.0,2026/01/16-22:16:10.076
agg,374.0,177620.0,175.0,2026/01/16-22:16:10.092
agg,375.0,253830.0,251.0,2026/01/16-22:16:11.011
agg,376.0,259399.0,258.0,2026/01/16-22:16:11.038
agg,377.0,177040.0,174.0,2026/01/16-22:16:11.055
agg,378.0,178870.0,177.0,2026/01/16-22:16:11.069
agg,379.0,177810.0,177.0,2026/01/16-22:16:11.085
agg,380.0,177690.0,176.0,2026/01/16-22:16:12.000
agg,381.0,177420.0,175.0,2026/01/16-22:16:12.016
agg,382.0,178450.0,177.0,2026/01/16-22:16:12.029
agg,383.0,177800.0,176.0,2026/01/16-22:16:12.045
agg,384.0,178130.0,177.0,2026/01/16-22:16:12.061
agg,385.0,178480.0,177.0,2026/01/16-22:16:12.074
agg,386.0,253100.0,251.0,2026/01/16-22:16:13.000
agg,387.0,259710.0,258.0,2026/01/16-22:16:13.022
agg,388.0,177290.0,175.0,2026/01/16-22:16:13.037
agg,389.0,178280.0,176.0,2026/01/16-22:16:13.050
agg,390.0,177680.0,175.0,2026/01/16-22:16:13.065
agg,391.0,177470.0,175.0,2026/01/16-22:16:13.081
agg,392.0,177630.0,175.0,2026/01/16-22:16:13.096
agg,393.0,177580.0,175.0,2026/01/16-22:16:14.011
agg,394.0,177780.0,175.0,2026/01/16-22:16:14.026
agg,395.0,177920.0,176.0,2026/01/16-22:16:14.041
agg,396.0,177530.0,175.0,2026/01/16-22:16:14.056
agg,397.0,252910.0,250.0,2026/01/16-22:16:14.081
agg,398.0,259230.0,258.0,2026/01/16-22:16:15.006
agg,399.0,177200.0,175.0,2026/01/16-22:16:15.021
agg,400.0,178440.0,176.0,2026/01/16-22:16:15.033
agg,401.0,178930.0,178.0,2026/01/16-22:16:15.049
agg,402.0,177830.0,176.0,2026/01/16-22:16:15.064
agg,403.0,177770.0,176.0,2026/01/16-22:16:15.080
agg,404.0,178530.0,176.0,2026/01/16-22:16:15.092
agg,405.0,178080.0,176.0,2026/01/16-22:16:16.008
agg,406.0,177580.0,176.0,2026/01/16-22:16:16.023
agg,407.0,177710.0,176.0,2026/01/16-22:16:16.038
agg,408.0,254210.0,253.0,2026/01/16-22:16:16.056
agg,409.0,259609.0,257.0,2026/01/16-22:16:16.085
agg,410.0,177350.0,176.0,2026/01/16-22:16:17.000
agg,411.0,178300.0,176.0,2026/01/16-22:16:17.015
agg,412.0,178370.0,176.0,2026/01/16-22:16:17.029
agg,413.0,178460.0,176.0,2026/01/16-22:16:17.042
agg,414.0,177700.0,176.0,2026/01/16-22:16:17.057
agg,415.0,178420.0,176.0,2026/01/16-22:16:17.070
agg,416.0,178410.0,176.0,2026/01/16-22:16:17.085
agg,417.0,178480.0,176.0,2026/01/16-22:16:17.098
agg,418.0,177730.0,176.0,2026/01/16-22:16:18.013
agg,419.0,252770.0,251.0,2026/01/16-22:16:18.034
agg,420.0,259609.0,258.0,2026/01/16-22:16:18.055
agg,421.0,177330.0,176.0,2026/01/16-22:16:18.070
agg,422.0,177500.0,176.0,2026/01/16-22:16:18.086
agg,423.0,177650.0,176.0,2026/01/16-22:16:19.001
agg,424.0,178460.0,177.0,2026/01/16-22:16:19.015
agg,425.0,178090.0,176.0,2026/01/16-22:16:19.030
agg,426.0,178460.0,177.0,2026/01/16-22:16:19.043
agg,427.0,178980.0,177.0,2026/01/16-22:16:19.059
agg,428.0,177650.0,176.0,2026/01/16-22:16:19.075
agg,429.0,177970.0,176.0,2026/01/16-22:16:19.090
agg,430.0,254380.0,252.0,2026/01/16-22:16:20.012
agg,431.0,259489.0,257.0,2026/01/16-22:16:20.038
agg,432.0,177460.0,176.0,2026/01/16-22:16:20.053
agg,433.0,178540.0,176.0,2026/01/16-22:16:20.065
agg,434.0,177940.0,176.0,2026/01/16-22:16:20.080
agg,435.0,177850.0,176.0,2026/01/16-22:16:20.095
agg,436.0,179210.0,178.0,2026/01/16-22:16:21.010
agg,437.0,177910.0,176.0,2026/01/16-22:16:21.025
agg,438.0,177800.0,176.0,2026/01/16-22:16:21.041
agg,439.0,177760.0,176.0,2026/01/16-22:16:21.056
agg,440.0,177820.0,176.0,2026/01/16-22:16:21.072
agg,441.0,252940.0,251.0,2026/01/16-22:16:21.092
agg,442.0,259880.0,258.0,2026/01/16-22:16:22.018
agg,443.0,177400.0,175.0,2026/01/16-22:16:22.033
agg,444.0,178220.0,177.0,2026/01/16-22:16:22.048
agg,445.0,178300.0,177.0,2026/01/16-22:16:22.064
agg,446.0,178710.0,177.0,2026/01/16-22:16:22.077
agg,447.0,178830.0,177.0,2026/01/16-22:16:22.090
agg,448.0,179000.0,177.0,2026/01/16-22:16:23.005
agg,449.0,177900.0,176.0,2026/01/16-22:16:23.020
agg,450.0,177930.0,176.0,2026/01/16-22:16:23.036
agg,451.0,178650.0,177.0,2026/01/16-22:16:23.050
agg,452.0,254120.0,252.0,2026/01/16-22:16:23.076
agg,453.0,259390.0,258.0,2026/01/16-22:16:24.001
agg,454.0,177580.0,176.0,2026/01/16-22:16:24.017
agg,455.0,178700.0,177.0,2026/01/16-22:16:24.029
agg,456.0,178660.0,177.0,2026/01/16-22:16:24.042
agg,457.0,177750.0,176.0,2026/01/16-22:16:24.057
agg,458.0,177900.0,176.0,2026/01/16-22:16:24.072
agg,459.0,177770.0,176.0,2026/01/16-22:16:24.087
agg,460.0,177870.0,176.0,2026/01/16-22:16:25.002
agg,461.0,177850.0,176.0,2026/01/16-22:16:25.017
agg,462.0,177930.0,177.0,2026/01/16-22:16:25.031
agg,463.0,252790.0,250.0,2026/01/16-22:16:25.057
agg,464.0,259860.0,257.0,2026/01/16-22:16:25.079
agg,465.0,943290.0,180.0,2026/01/16-22:28:45.099
agg,466.0,943740.0,180.0,2026/01/16-22:28:46.003
agg,467.0,943730.0,180.0,2026/01/16-22:28:46.018
agg,468.0,944870.0,180.0,2026/01/16-22:28:46.034
agg,469.0,943650.0,180.0,2026/01/16-22:28:46.049
agg,470.0,943860.0,180.0,2026/01/16-22:28:46.064
agg,471.0,944570.0,180.0,2026/01/16-22:28:46.076
agg,472.0,943780.0,180.0,2026/01/16-22:28:46.091
agg,473.0,943780.0,180.0,2026/01/16-22:28:47.005
agg,474.0,1396230.0,261.0,2026/01/16-22:28:47.033
agg,475.0,1398340.0,266.0,2026/01/16-22:28:47.059
agg,476.0,943310.0,180.0,2026/01/16-22:28:47.073
agg,477.0,943930.0,180.0,2026/01/16-22:28:47.088
agg,478.0,943840.0,180.0,2026/01/16-22:28:48.004
agg,479.0,943630.0,180.0,2026/01/16-22:28:48.020
agg,480.0,944450.0,180.0,2026/01/16-22:28:48.032
agg,481.0,943680.0,180.0,2026/01/16-22:28:48.048
agg,482.0,943820.0,180.0,2026/01/16-22:28:48.063
agg,483.0,943800.0,180.0,2026/01/16-22:28:48.078
agg,484.0,944400.0,180.0,2026/01/16-22:28:48.093
agg,485.0,1395530.0,259.0,2026/01/16-22:28:49.019
agg,486.0,1398910.0,266.0,2026/01/16-22:28:49.045
agg,487.0,943380.0,179.0,2026/01/16-22:28:49.060
agg,488.0,943610.0,179.0,2026/01/16-22:28:49.076
agg,489.0,943830.0,179.0,2026/01/16-22:28:49.091
agg,490.0,943880.0,180.0,2026/01/16-22:28:50.007
agg,491.0,944940.0,181.0,2026/01/16-22:28:50.023
agg,492.0,944040.0,180.0,2026/01/16-22:28:50.038
agg,493.0,943790.0,179.0,2026/01/16-22:28:50.054
agg,494.0,944520.0,181.0,2026/01/16-22:28:50.070
agg,495.0,943880.0,179.0,2026/01/16-22:28:50.085
agg,496.0,1396740.0,260.0,2026/01/16-22:28:51.005
agg,497.0,1398710.0,266.0,2026/01/16-22:28:51.026
agg,498.0,944120.0,180.0,2026/01/16-22:28:51.040
agg,499.0,943820.0,180.0,2026/01/16-22:28:51.056
agg,500.0,943660.0,180.0,2026/01/16-22:28:51.071
agg,501.0,943800.0,180.0,2026/01/16-22:28:51.087
agg,502.0,944160.0,180.0,2026/01/16-22:28:52.002
agg,503.0,944590.0,181.0,2026/01/16-22:28:52.016
agg,504.0,944960.0,182.0,2026/01/16-22:28:52.031
agg,505.0,944610.0,182.0,2026/01/16-22:28:52.044
agg,506.0,944160.0,181.0,2026/01/16-22:28:52.060
agg,507.0,1396840.0,261.0,2026/01/16-22:28:52.084
agg,508.0,1398420.0,266.0,2026/01/16-22:28:53.003
agg,509.0,943430.0,179.0,2026/01/16-22:28:53.016
agg,510.0,943610.0,180.0,2026/01/16-22:28:53.032
agg,511.0,943670.0,181.0,2026/01/16-22:28:53.048
agg,512.0,944600.0,181.0,2026/01/16-22:28:53.060
agg,513.0,943710.0,180.0,2026/01/16-22:28:53.076
agg,514.0,943670.0,180.0,2026/01/16-22:28:53.091
agg,515.0,944590.0,181.0,2026/01/16-22:28:54.003
agg,516.0,943690.0,181.0,2026/01/16-22:28:54.018
agg,517.0,943670.0,180.0,2026/01/16-22:28:54.034
agg,518.0,1396000.0,259.0,2026/01/16-22:28:54.060
agg,519.0,1398700.0,266.0,2026/01/16-22:28:54.080
agg,520.0,943600.0,180.0,2026/01/16-22:28:54.094
agg,521.0,945160.0,182.0,2026/01/16-22:28:55.010
agg,522.0,944700.0,182.0,2026/01/16-22:28:55.023
agg,523.0,944200.0,181.0,2026/01/16-22:28:55.038
agg,524.0,945080.0,182.0,2026/01/16-22:28:55.054
agg,525.0,945060.0,182.0,2026/01/16-22:28:55.070
agg,526.0,944000.0,180.0,2026/01/16-22:28:55.085
agg,527.0,943950.0,180.0,2026/01/16-22:28:55.099
agg,528.0,944420.0,181.0,2026/01/16-22:28:56.015
agg,529.0,1396270.0,260.0,2026/01/16-22:28:56.034
agg,530.0,1398030.0,265.0,2026/01/16-22:28:56.055
agg,531.0,943430.0,179.0,2026/01/16-22:28:56.068
agg,532.0,943680.0,179.0,2026/01/16-22:28:56.085
agg,533.0,943670.0,179.0,2026/01/16-22:28:57.000
agg,534.0,943830.0,179.0,2026/01/16-22:28:57.015
agg,535.0,944480.0,181.0,2026/01/16-22:28:57.029
agg,536.0,943730.0,179.0,2026/01/16-22:28:57.044
agg,537.0,944580.0,181.0,2026/01/16-22:28:57.057
agg,538.0,943770.0,179.0,2026/01/16-22:28:57.072
agg,539.0,943770.0,179.0,2026/01/16-22:28:57.088
agg,540.0,1395220.0,258.0,2026/01/16-22:28:58.009
agg,541.0,1398080.0,266.0,2026/01/16-22:28:58.029
agg,542.0,943860.0,179.0,2026/01/16-22:28:58.043
agg,543.0,943720.0,179.0,2026/01/16-22:28:58.059
agg,544.0,944240.0,180.0,2026/01/16-22:28:58.075
agg,545.0,943650.0,179.0,2026/01/16-22:28:58.089
agg,546.0,944610.0,181.0,2026/01/16-22:28:59.002
agg,547.0,943690.0,179.0,2026/01/16-22:28:59.017
agg,548.0,944090.0,179.0,2026/01/16-22:28:59.032
agg,549.0,943700.0,179.0,2026/01/16-22:28:59.047
agg,550.0,943780.0,179.0,2026/01/16-22:28:59.062
agg,551.0,1395380.0,259.0,2026/01/16-22:28:59.088
agg,552.0,1397900.0,266.0,2026/01/16-22:29:00.008
agg,553.0,943460.0,179.0,2026/01/16-22:29:00.022
agg,554.0,943680.0,180.0,2026/01/16-22:29:00.038
agg,555.0,943870.0,180.0,2026/01/16-22:29:00.052
agg,556.0,944570.0,182.0,2026/01/16-22:29:00.065
agg,557.0,943750.0,180.0,2026/01/16-22:29:00.081
agg,558.0,944670.0,182.0,2026/01/16-22:29:00.093
agg,559.0,943870.0,180.0,2026/01/16-22:29:01.008
agg,560.0,943830.0,180.0,2026/01/16-22:29:01.023
agg,561.0,943760.0,179.0,2026/01/16-22:29:01.038
agg,562.0,1396050.0,260.0,2026/01/16-22:29:01.056
agg,563.0,1398390.0,266.0,2026/01/16-22:29:01.076
agg,564.0,943510.0,179.0,2026/01/16-22:29:01.091
agg,565.0,943750.0,179.0,2026/01/16-22:29:02.007
agg,566.0,944650.0,181.0,2026/01/16-22:29:02.019
agg,567.0,943860.0,180.0,2026/01/16-22:29:02.035
agg,568.0,943810.0,180.0,2026/01/16-22:29:02.049
agg,569.0,943820.0,180.0,2026/01/16-22:29:02.064
agg,570.0,943790.0,180.0,2026/01/16-22:29:02.079
agg,571.0,944480.0,180.0,2026/01/16-22:29:02.094
agg,572.0,943740.0,180.0,2026/01/16-22:29:03.013
agg,573.0,1395860.0,260.0,2026/01/16-22:29:03.031
agg,574.0,1398050.0,266.0,2026/01/16-22:29:03.052
agg,575.0,943270.0,180.0,2026/01/16-22:29:03.066
agg,576.0,943900.0,181.0,2026/01/16-22:29:03.081
agg,577.0,944700.0,181.0,2026/01/16-22:29:03.093
agg,578.0,944560.0,181.0,2026/01/16-22:29:04.006
agg,579.0,944530.0,181.0,2026/01/16-22:29:04.019
agg,580.0,944630.0,181.0,2026/01/16-22:29:04.031
agg,581.0,944540.0,181.0,2026/01/16-22:29:04.046
agg,582.0,943830.0,181.0,2026/01/16-22:29:04.061
agg,583.0,943670.0,181.0,2026/01/16-22:29:04.076
agg,584.0,1394780.0,258.0,2026/01/16-22:29:05.001
agg,585.0,1397220.0,264.0,2026/01/16-22:29:05.028
agg,586.0,943330.0,180.0,2026/01/16-22:29:05.042
agg,587.0,943670.0,180.0,2026/01/16-22:29:05.057
agg,588.0,943880.0,181.0,2026/01/16-22:29:05.072
agg,589.0,943890.0,181.0,2026/01/16-22:29:05.087
agg,590.0,943760.0,181.0,2026/01/16-22:29:06.001
agg,591.0,944570.0,181.0,2026/01/16-22:29:06.014
agg,592.0,945010.0,181.0,2026/01/16-22:29:06.029
agg,593.0,944580.0,181.0,2026/01/16-22:29:06.041
agg,594.0,943720.0,180.0,2026/01/16-22:29:06.057
agg,595.0,1395760.0,259.0,2026/01/16-22:29:06.077
agg,596.0,1397920.0,266.0,2026/01/16-22:29:07.002
agg,597.0,944130.0,181.0,2026/01/16-22:29:07.016
agg,598.0,943780.0,179.0,2026/01/16-22:29:07.032
agg,599.0,944600.0,182.0,2026/01/16-22:29:07.044
agg,600.0,945030.0,182.0,2026/01/16-22:29:07.060
agg,601.0,944550.0,182.0,2026/01/16-22:29:07.073
agg,602.0,943680.0,179.0,2026/01/16-22:29:07.087
agg,603.0,944670.0,182.0,2026/01/16-22:29:08.000
agg,604.0,943680.0,179.0,2026/01/16-22:29:08.015
agg,605.0,943770.0,179.0,2026/01/16-22:29:08.030
agg,606.0,1394840.0,258.0,2026/01/16-22:29:08.056
agg,607.0,1397450.0,265.0,2026/01/16-22:29:08.077
agg,608.0,943090.0,179.0,2026/01/16-22:29:08.091
agg,609.0,944610.0,181.0,2026/01/16-22:29:09.006
agg,610.0,943620.0,181.0,2026/01/16-22:29:09.021
agg,611.0,944810.0,181.0,2026/01/16-22:29:09.036
agg,612.0,943570.0,180.0,2026/01/16-22:29:09.052
agg,613.0,943590.0,181.0,2026/01/16-22:29:09.067
agg,614.0,943550.0,181.0,2026/01/16-22:29:09.082
agg,615.0,943550.0,181.0,2026/01/16-22:29:09.099
agg,616.0,944510.0,181.0,2026/01/16-22:29:10.014
agg,617.0,1396360.0,260.0,2026/01/16-22:29:10.036
agg,618.0,1397790.0,265.0,2026/01/16-22:29:10.056
agg,619.0,943520.0,179.0,2026/01/16-22:29:10.071
agg,620.0,944470.0,180.0,2026/01/16-22:29:10.085
agg,621.0,943800.0,179.0,2026/01/16-22:29:11.001
agg,622.0,943780.0,179.0,2026/01/16-22:29:11.016
agg,623.0,943790.0,179.0,2026/01/16-22:29:11.032
agg,624.0,943900.0,179.0,2026/01/16-22:29:11.046
agg,625.0,944630.0,181.0,2026/01/16-22:29:11.060
agg,626.0,943710.0,179.0,2026/01/16-22:29:11.075
agg,627.0,945100.0,182.0,2026/01/16-22:29:11.091
agg,628.0,943690.0,179.0,2026/01/16-22:29:12.006
agg,629.0,944510.0,180.0,2026/01/16-22:29:12.019
agg,630.0,943760.0,179.0,2026/01/16-22:29:12.034
agg,631.0,943860.0,179.0,2026/01/16-22:29:12.049
agg,632.0,944490.0,180.0,2026/01/16-22:29:12.062
agg,633.0,944580.0,180.0,2026/01/16-22:29:12.075
agg,634.0,943690.0,179.0,2026/01/16-22:29:12.091
agg,635.0,944550.0,180.0,2026/01/16-22:29:13.004
agg,636.0,943750.0,179.0,2026/01/16-22:29:13.019
agg,637.0,945080.0,182.0,2026/01/16-22:29:13.035
agg,638.0,944540.0,180.0,2026/01/16-22:29:13.048
agg,639.0,943790.0,179.0,2026/01/16-22:29:13.064
agg,640.0,943770.0,179.0,2026/01/16-22:29:13.079
agg,641.0,944640.0,181.0,2026/01/16-22:29:13.092
agg,642.0,944950.0,182.0,2026/01/16-22:29:14.008
agg,643.0,944170.0,179.0,2026/01/16-22:29:14.022
agg,644.0,943770.0,179.0,2026/01/16-22:29:14.038
agg,645.0,943890.0,179.0,2026/01/16-22:29:14.053
agg,646.0,944560.0,180.0,2026/01/16-22:29:14.066
agg,647.0,944580.0,180.0,2026/01/16-22:29:14.079
agg,648.0,944200.0,179.0,2026/01/16-22:29:14.093
agg,649.0,944050.0,179.0,2026/01/16-22:29:15.009
agg,650.0,943960.0,179.0,2026/01/16-22:29:15.025
agg,651.0,944040.0,179.0,2026/01/16-22:29:15.041
agg,652.0,945150.0,182.0,2026/01/16-22:29:15.056
agg,653.0,944940.0,182.0,2026/01/16-22:29:15.071
agg,654.0,944020.0,179.0,2026/01/16-22:29:15.087
agg,655.0,945050.0,182.0,2026/01/16-22:29:16.003
agg,656.0,944220.0,180.0,2026/01/16-22:29:16.023
ctl,-1.0,0.0,0.0,2026/01/16-22:07:06.025
ctl,0.0,0.0,0.0,2026/01/16-22:09:16.050
ctl,1.0,0.0,0.0,2026/01/16-22:09:16.062
ctl,2.0,0.0,0.0,2026/01/16-22:09:16.074
ctl,3.0,0.0,0.0,2026/01/16-22:09:16.088
ctl,4.0,0.0,0.0,2026/01/16-22:09:17.000
ctl,5.0,0.0,0.0,2026/01/16-22:09:17.015
ctl,6.0,0.0,0.0,2026/01/16-22:09:17.032
ctl,7.0,0.0,0.0,2026/01/16-22:09:17.046
ctl,8.0,0.0,0.0,2026/01/16-22:09:17.062
ctl,9.0,0.0,0.0,2026/01/16-22:09:17.076
ctl,10.0,0.0,0.0,2026/01/16-22:09:17.093
ctl,11.0,0.0,0.0,2026/01/16-22:09:18.009
ctl,12.0,0.0,0.0,2026/01/16-22:09:18.023
ctl,13.0,0.0,0.0,2026/01/16-22:09:18.044
ctl,14.0,0.0,0.0,2026/01/16-22:09:18.057
ctl,15.0,0.0,0.0,2026/01/16-22:09:18.073
ctl,16.0,0.0,0.0,2026/01/16-22:09:18.089
ctl,17.0,0.0,0.0,2026/01/16-22:09:19.006
ctl,18.0,0.0,0.0,2026/01/16-22:09:19.021
ctl,19.0,0.0,0.0,2026/01/16-22:09:19.038
ctl,20.0,0.0,0.0,2026/01/16-22:09:19.052
ctl,21.0,0.0,0.0,2026/01/16-22:09:19.067
ctl,22.0,0.0,0.0,2026/01/16-22:09:19.084
ctl,23.0,0.0,0.0,2026/01/16-22:09:20.006
ctl,24.0,0.0,0.0,2026/01/16-22:09:20.028
ctl,25.0,0.0,0.0,2026/01/16-22:09:20.040
ctl,26.0,0.0,0.0,2026/01/16-22:09:20.054
ctl,27.0,0.0,0.0,2026/01/16-22:09:20.065
ctl,28.0,0.0,0.0,2026/01/16-22:09:20.079
ctl,29.0,0.0,0.0,2026/01/16-22:09:20.093
ctl,30.0,0.0,0.0,2026/01/16-22:09:21.015
ctl,31.0,0.0,0.0,2026/01/16-22:09:21.025
ctl,32.0,0.0,0.0,2026/01/16-22:09:21.040
ctl,33.0,176730.0,45.0,2026/01/16-22:10:05.085
ctl,34.0,483170.0,125.0,2026/01/16-22:10:06.011
ctl,35.0,492480.0,127.0,2026/01/16-22:10:06.034
ctl,36.0,220300.0,56.0,2026/01/16-22:10:06.045
ctl,37.0,176740.0,45.0,2026/01/16-22:10:06.060
ctl,38.0,176740.0,45.0,2026/01/16-22:10:06.075
ctl,39.0,176740.0,45.0,2026/01/16-22:10:06.091
ctl,40.0,176740.0,45.0,2026/01/16-22:10:07.006
ctl,41.0,176740.0,45.0,2026/01/16-22:10:07.021
ctl,42.0,176740.0,45.0,2026/01/16-22:10:07.036
ctl,43.0,176740.0,45.0,2026/01/16-22:10:07.051
ctl,44.0,176740.0,45.0,2026/01/16-22:10:07.067
ctl,45.0,485510.0,125.0,2026/01/16-22:10:07.094
ctl,46.0,490110.0,127.0,2026/01/16-22:10:08.017
ctl,47.0,219840.0,56.0,2026/01/16-22:10:08.028
ctl,48.0,176730.0,45.0,2026/01/16-22:10:08.043
ctl,49.0,176730.0,45.0,2026/01/16-22:10:08.057
ctl,50.0,176730.0,45.0,2026/01/16-22:10:08.072
ctl,51.0,176730.0,45.0,2026/01/16-22:10:08.088
ctl,52.0,176730.0,45.0,2026/01/16-22:10:09.003
ctl,53.0,176730.0,45.0,2026/01/16-22:10:09.018
ctl,54.0,176730.0,45.0,2026/01/16-22:10:09.034
ctl,55.0,176730.0,45.0,2026/01/16-22:10:09.049
ctl,56.0,482250.0,125.0,2026/01/16-22:10:09.080
ctl,57.0,491350.0,127.0,2026/01/16-22:10:10.008
ctl,58.0,220120.0,56.0,2026/01/16-22:10:10.021
ctl,59.0,176730.0,45.0,2026/01/16-22:10:10.036
ctl,60.0,176730.0,45.0,2026/01/16-22:10:10.052
ctl,61.0,176730.0,45.0,2026/01/16-22:10:10.067
ctl,62.0,176730.0,45.0,2026/01/16-22:10:10.083
ctl,63.0,176730.0,45.0,2026/01/16-22:10:10.099
ctl,64.0,176730.0,45.0,2026/01/16-22:10:11.014
ctl,65.0,176730.0,45.0,2026/01/16-22:10:11.030
ctl,66.0,176730.0,45.0,2026/01/16-22:10:11.046
ctl,67.0,483160.0,125.0,2026/01/16-22:10:11.073
ctl,68.0,489440.0,127.0,2026/01/16-22:10:12.003
ctl,69.0,219770.0,56.0,2026/01/16-22:10:12.017
ctl,70.0,176730.0,45.0,2026/01/16-22:10:12.033
ctl,71.0,176730.0,45.0,2026/01/16-22:10:12.049
ctl,72.0,176730.0,45.0,2026/01/16-22:10:12.065
ctl,73.0,176730.0,45.0,2026/01/16-22:10:12.082
ctl,74.0,176730.0,45.0,2026/01/16-22:10:12.098
ctl,75.0,176730.0,45.0,2026/01/16-22:10:13.014
ctl,76.0,176730.0,45.0,2026/01/16-22:10:13.029
ctl,77.0,176730.0,45.0,2026/01/16-22:10:13.045
ctl,78.0,481360.0,125.0,2026/01/16-22:10:13.076
ctl,79.0,485230.0,127.0,2026/01/16-22:10:14.002
ctl,80.0,219080.0,56.0,2026/01/16-22:10:14.018
ctl,81.0,176720.0,45.0,2026/01/16-22:10:14.030
ctl,82.0,176720.0,45.0,2026/01/16-22:10:14.046
ctl,83.0,20480.0,5.0,2026/01/16-22:13:20.094
ctl,84.0,20480.0,5.0,2026/01/16-22:13:21.005
ctl,85.0,20480.0,5.0,2026/01/16-22:13:21.020
ctl,86.0,20480.0,5.0,2026/01/16-22:13:21.033
ctl,87.0,20480.0,5.0,2026/01/16-22:13:21.046
ctl,88.0,20480.0,5.0,2026/01/16-22:13:21.058
ctl,89.0,28670.0,7.0,2026/01/16-22:13:21.081
ctl,90.0,32770.0,8.0,2026/01/16-22:13:22.005
ctl,91.0,20480.0,5.0,2026/01/16-22:13:22.019
ctl,92.0,20480.0,5.0,2026/01/16-22:13:22.031
ctl,93.0,20480.0,5.0,2026/01/16-22:13:22.045
ctl,94.0,20480.0,5.0,2026/01/16-22:13:22.060
ctl,95.0,20480.0,5.0,2026/01/16-22:13:22.072
ctl,96.0,20480.0,5.0,2026/01/16-22:13:22.086
ctl,97.0,20480.0,5.0,2026/01/16-22:13:23.001
ctl,98.0,20480.0,5.0,2026/01/16-22:13:23.013
ctl,99.0,20480.0,5.0,2026/01/16-22:13:23.028
ctl,100.0,28670.0,7.0,2026/01/16-22:13:23.053
ctl,101.0,32770.0,8.0,2026/01/16-22:13:23.077
ctl,102.0,20480.0,5.0,2026/01/16-22:13:23.092
ctl,103.0,20480.0,5.0,2026/01/16-22:13:24.005
ctl,104.0,20480.0,5.0,2026/01/16-22:13:24.019
ctl,105.0,20480.0,5.0,2026/01/16-22:13:24.035
ctl,106.0,20480.0,5.0,2026/01/16-22:13:24.049
ctl,107.0,20480.0,5.0,2026/01/16-22:13:24.064
ctl,108.0,20480.0,5.0,2026/01/16-22:13:24.078
ctl,109.0,20480.0,5.0,2026/01/16-22:13:24.093
ctl,110.0,20480.0,5.0,2026/01/16-22:13:25.008
ctl,111.0,28670.0,7.0,2026/01/16-22:13:25.034
ctl,112.0,32770.0,8.0,2026/01/16-22:13:25.056
ctl,113.0,20480.0,5.0,2026/01/16-22:13:25.071
ctl,114.0,20480.0,5.0,2026/01/16-22:13:25.083
ctl,115.0,20480.0,5.0,2026/01/16-22:13:25.098
ctl,116.0,20480.0,5.0,2026/01/16-22:13:26.013
ctl,117.0,20480.0,5.0,2026/01/16-22:13:26.027
ctl,118.0,20480.0,5.0,2026/01/16-22:13:26.041
ctl,119.0,20480.0,5.0,2026/01/16-22:13:26.056
ctl,120.0,20480.0,5.0,2026/01/16-22:13:26.070
ctl,121.0,20480.0,5.0,2026/01/16-22:13:26.085
ctl,122.0,28670.0,7.0,2026/01/16-22:13:27.007
ctl,123.0,32770.0,8.0,2026/01/16-22:13:27.033
ctl,124.0,20480.0,5.0,2026/01/16-22:13:27.047
ctl,125.0,20480.0,5.0,2026/01/16-22:13:27.062
ctl,126.0,20480.0,5.0,2026/01/16-22:13:27.077
ctl,127.0,20480.0,5.0,2026/01/16-22:13:27.090
ctl,128.0,20480.0,5.0,2026/01/16-22:13:28.002
ctl,129.0,20480.0,5.0,2026/01/16-22:13:28.015
ctl,130.0,20480.0,5.0,2026/01/16-22:13:28.029
ctl,131.0,20480.0,5.0,2026/01/16-22:13:28.044
ctl,132.0,20480.0,5.0,2026/01/16-22:13:28.057
ctl,133.0,28670.0,7.0,2026/01/16-22:13:28.081
ctl,134.0,32770.0,8.0,2026/01/16-22:13:29.002
ctl,135.0,20480.0,5.0,2026/01/16-22:13:29.014
ctl,136.0,20480.0,5.0,2026/01/16-22:13:29.028
ctl,137.0,20480.0,5.0,2026/01/16-22:13:29.043
ctl,138.0,20480.0,5.0,2026/01/16-22:13:29.054
ctl,139.0,20480.0,5.0,2026/01/16-22:13:29.068
ctl,140.0,20480.0,5.0,2026/01/16-22:13:29.082
ctl,141.0,20480.0,5.0,2026/01/16-22:13:29.097
ctl,142.0,20480.0,5.0,2026/01/16-22:13:30.011
ctl,143.0,20480.0,5.0,2026/01/16-22:13:30.026
ctl,144.0,28670.0,7.0,2026/01/16-22:13:30.052
ctl,145.0,32770.0,8.0,2026/01/16-22:13:30.078
ctl,146.0,20480.0,5.0,2026/01/16-22:13:30.091
ctl,147.0,20480.0,5.0,2026/01/16-22:13:31.007
ctl,148.0,20480.0,5.0,2026/01/16-22:13:31.021
ctl,149.0,20480.0,5.0,2026/01/16-22:13:31.034
ctl,150.0,20480.0,5.0,2026/01/16-22:13:31.047
ctl,151.0,20480.0,5.0,2026/01/16-22:13:31.060
ctl,152.0,20480.0,5.0,2026/01/16-22:13:31.072
ctl,153.0,20480.0,5.0,2026/01/16-22:13:31.087
ctl,154.0,20480.0,5.0,2026/01/16-22:13:32.002
ctl,155.0,28670.0,7.0,2026/01/16-22:13:32.026
ctl,156.0,32770.0,8.0,2026/01/16-22:13:32.051
ctl,157.0,20480.0,5.0,2026/01/16-22:13:32.067
ctl,158.0,20480.0,5.0,2026/01/16-22:13:32.081
ctl,159.0,20480.0,5.0,2026/01/16-22:13:32.096
ctl,160.0,20480.0,5.0,2026/01/16-22:13:33.010
ctl,161.0,20480.0,5.0,2026/01/16-22:13:33.022
ctl,162.0,20480.0,5.0,2026/01/16-22:13:33.035
ctl,163.0,20480.0,5.0,2026/01/16-22:13:33.047
ctl,164.0,20480.0,5.0,2026/01/16-22:13:33.060
ctl,165.0,20480.0,5.0,2026/01/16-22:13:33.075
ctl,166.0,28670.0,7.0,2026/01/16-22:13:33.095
ctl,167.0,32770.0,8.0,2026/01/16-22:13:34.021
ctl,168.0,20480.0,5.0,2026/01/16-22:13:34.033
ctl,169.0,20480.0,5.0,2026/01/16-22:13:34.045
ctl,170.0,20480.0,5.0,2026/01/16-22:13:34.060
ctl,171.0,20480.0,5.0,2026/01/16-22:13:34.075
ctl,172.0,20480.0,5.0,2026/01/16-22:13:34.088
ctl,173.0,20480.0,5.0,2026/01/16-22:13:35.000
ctl,174.0,20480.0,5.0,2026/01/16-22:13:35.013
ctl,175.0,20480.0,5.0,2026/01/16-22:13:35.025
ctl,176.0,20480.0,5.0,2026/01/16-22:13:35.040
ctl,177.0,28670.0,7.0,2026/01/16-22:13:35.067
ctl,178.0,32770.0,8.0,2026/01/16-22:13:35.088
ctl,179.0,20480.0,5.0,2026/01/16-22:13:36.003
ctl,180.0,20480.0,5.0,2026/01/16-22:13:36.018
ctl,181.0,20480.0,5.0,2026/01/16-22:13:36.031
ctl,182.0,20480.0,5.0,2026/01/16-22:13:36.043
ctl,183.0,20480.0,5.0,2026/01/16-22:13:36.059
ctl,184.0,20480.0,5.0,2026/01/16-22:13:36.075
ctl,185.0,20480.0,5.0,2026/01/16-22:13:36.090
ctl,186.0,20480.0,5.0,2026/01/16-22:13:37.005
ctl,187.0,20480.0,5.0,2026/01/16-22:13:37.020
ctl,188.0,28670.0,7.0,2026/01/16-22:13:37.046
ctl,189.0,32770.0,8.0,2026/01/16-22:13:37.068
ctl,190.0,20480.0,5.0,2026/01/16-22:13:37.083
ctl,191.0,20480.0,5.0,2026/01/16-22:13:38.000
ctl,192.0,20480.0,5.0,2026/01/16-22:13:38.012
ctl,193.0,20480.0,5.0,2026/01/16-22:13:38.024
ctl,194.0,20480.0,5.0,2026/01/16-22:13:38.040
ctl,195.0,20480.0,5.0,2026/01/16-22:13:38.055
ctl,196.0,20480.0,5.0,2026/01/16-22:13:38.070
ctl,197.0,20480.0,5.0,2026/01/16-22:13:38.082
ctl,198.0,20480.0,5.0,2026/01/16-22:13:38.097
ctl,199.0,28670.0,7.0,2026/01/16-22:13:39.019
ctl,200.0,32770.0,8.0,2026/01/16-22:13:39.039
ctl,201.0,20480.0,5.0,2026/01/16-22:13:39.054
ctl,202.0,20480.0,5.0,2026/01/16-22:13:39.067
ctl,203.0,20480.0,5.0,2026/01/16-22:13:39.080
ctl,204.0,20480.0,5.0,2026/01/16-22:13:39.094
ctl,205.0,20480.0,5.0,2026/01/16-22:13:40.009
ctl,206.0,20480.0,5.0,2026/01/16-22:13:40.025
ctl,207.0,20480.0,5.0,2026/01/16-22:13:40.037
ctl,208.0,20480.0,5.0,2026/01/16-22:13:40.052
ctl,209.0,20480.0,5.0,2026/01/16-22:13:40.067
ctl,210.0,28670.0,7.0,2026/01/16-22:13:40.093
ctl,211.0,32770.0,8.0,2026/01/16-22:13:41.013
ctl,212.0,20480.0,5.0,2026/01/16-22:13:41.026
ctl,213.0,20480.0,5.0,2026/01/16-22:13:41.042
ctl,214.0,20480.0,5.0,2026/01/16-22:13:41.057
ctl,215.0,20480.0,5.0,2026/01/16-22:13:41.072
ctl,216.0,20480.0,5.0,2026/01/16-22:13:41.087
ctl,217.0,20480.0,5.0,2026/01/16-22:13:42.002
ctl,218.0,20480.0,5.0,2026/01/16-22:13:42.018
ctl,219.0,20480.0,5.0,2026/01/16-22:13:42.033
ctl,220.0,20480.0,5.0,2026/01/16-22:13:42.049
ctl,221.0,28670.0,7.0,2026/01/16-22:13:42.069
ctl,222.0,32770.0,8.0,2026/01/16-22:13:42.089
ctl,223.0,20480.0,5.0,2026/01/16-22:13:43.003
ctl,224.0,20480.0,5.0,2026/01/16-22:13:43.016
ctl,225.0,20480.0,5.0,2026/01/16-22:13:43.028
ctl,226.0,20480.0,5.0,2026/01/16-22:13:43.042
ctl,227.0,20480.0,5.0,2026/01/16-22:13:43.054
ctl,228.0,20480.0,5.0,2026/01/16-22:13:43.068
ctl,229.0,20480.0,5.0,2026/01/16-22:13:43.082
ctl,230.0,20480.0,5.0,2026/01/16-22:13:43.097
ctl,231.0,20480.0,5.0,2026/01/16-22:13:44.012
ctl,232.0,28670.0,7.0,2026/01/16-22:13:44.039
ctl,233.0,32770.0,8.0,2026/01/16-22:13:44.061
ctl,234.0,20480.0,5.0,2026/01/16-22:13:44.075
ctl,235.0,20480.0,5.0,2026/01/16-22:13:44.088
ctl,236.0,20480.0,5.0,2026/01/16-22:13:45.003
ctl,237.0,20480.0,5.0,2026/01/16-22:13:45.018
ctl,238.0,20480.0,5.0,2026/01/16-22:13:45.032
ctl,239.0,20480.0,5.0,2026/01/16-22:13:45.045
ctl,240.0,20480.0,5.0,2026/01/16-22:13:45.060
ctl,241.0,20480.0,5.0,2026/01/16-22:13:45.072
ctl,242.0,20480.0,5.0,2026/01/16-22:13:45.085
ctl,243.0,28670.0,7.0,2026/01/16-22:13:46.011
ctl,244.0,32770.0,8.0,2026/01/16-22:13:46.037
ctl,245.0,20480.0,5.0,2026/01/16-22:13:46.050
ctl,246.0,20480.0,5.0,2026/01/16-22:13:46.064
ctl,247.0,20480.0,5.0,2026/01/16-22:13:46.080
ctl,248.0,20480.0,5.0,2026/01/16-22:13:46.094
ctl,249.0,20480.0,5.0,2026/01/16-22:13:47.009
ctl,250.0,20480.0,5.0,2026/01/16-22:13:47.024
ctl,251.0,20480.0,5.0,2026/01/16-22:13:47.039
ctl,252.0,20480.0,5.0,2026/01/16-22:13:47.052
ctl,253.0,20480.0,5.0,2026/01/16-22:13:47.066
ctl,254.0,28670.0,7.0,2026/01/16-22:13:47.093
ctl,255.0,32770.0,8.0,2026/01/16-22:13:48.013
ctl,256.0,20480.0,5.0,2026/01/16-22:13:48.028
ctl,257.0,20480.0,5.0,2026/01/16-22:13:48.043
ctl,258.0,20480.0,5.0,2026/01/16-22:13:48.056
ctl,259.0,20480.0,5.0,2026/01/16-22:13:48.069
ctl,260.0,20480.0,5.0,2026/01/16-22:13:48.085
ctl,261.0,20480.0,5.0,2026/01/16-22:13:49.001
ctl,262.0,20480.0,5.0,2026/01/16-22:13:49.015
ctl,263.0,20480.0,5.0,2026/01/16-22:13:49.032
ctl,264.0,20480.0,5.0,2026/01/16-22:13:49.047
ctl,265.0,28670.0,7.0,2026/01/16-22:13:49.066
ctl,266.0,32770.0,8.0,2026/01/16-22:13:49.087
ctl,267.0,20480.0,5.0,2026/01/16-22:13:50.000
ctl,268.0,20480.0,5.0,2026/01/16-22:13:50.015
ctl,269.0,20480.0,5.0,2026/01/16-22:13:50.031
ctl,270.0,20480.0,5.0,2026/01/16-22:13:50.044
ctl,271.0,20480.0,5.0,2026/01/16-22:13:50.059
ctl,272.0,20480.0,5.0,2026/01/16-22:13:50.074
ctl,273.0,20480.0,5.0,2026/01/16-22:13:50.089
ctl,274.0,20480.0,5.0,2026/01/16-22:13:51.001
ctl,275.0,20480.0,5.0,2026/01/16-22:13:51.016
ctl,276.0,28670.0,7.0,2026/01/16-22:13:51.034
ctl,277.0,32770.0,8.0,2026/01/16-22:15:55.090
ctl,278.0,20480.0,5.0,2026/01/16-22:15:55.091
ctl,279.0,20480.0,5.0,2026/01/16-22:15:55.091
ctl,280.0,20480.0,5.0,2026/01/16-22:15:56.001
ctl,281.0,20480.0,5.0,2026/01/16-22:15:56.016
ctl,282.0,20480.0,5.0,2026/01/16-22:15:56.029
ctl,283.0,20480.0,5.0,2026/01/16-22:15:56.042
ctl,284.0,20480.0,5.0,2026/01/16-22:15:56.055
ctl,285.0,20480.0,5.0,2026/01/16-22:15:56.070
ctl,286.0,20480.0,5.0,2026/01/16-22:15:56.085
ctl,287.0,28670.0,7.0,2026/01/16-22:15:57.004
ctl,288.0,32770.0,8.0,2026/01/16-22:15:57.030
ctl,289.0,20480.0,5.0,2026/01/16-22:15:57.043
ctl,290.0,20480.0,5.0,2026/01/16-22:15:57.058
ctl,291.0,20480.0,5.0,2026/01/16-22:15:57.073
ctl,292.0,20480.0,5.0,2026/01/16-22:15:57.088
ctl,293.0,20480.0,5.0,2026/01/16-22:15:58.001
ctl,294.0,20480.0,5.0,2026/01/16-22:15:58.016
ctl,295.0,20480.0,5.0,2026/01/16-22:15:58.031
ctl,296.0,20480.0,5.0,2026/01/16-22:15:58.046
ctl,297.0,20480.0,5.0,2026/01/16-22:15:58.058
ctl,298.0,28670.0,7.0,2026/01/16-22:15:58.082
ctl,299.0,32770.0,8.0,2026/01/16-22:15:59.008
ctl,300.0,20480.0,5.0,2026/01/16-22:15:59.021
ctl,301.0,20480.0,5.0,2026/01/16-22:15:59.036
ctl,302.0,20480.0,5.0,2026/01/16-22:15:59.048
ctl,303.0,20480.0,5.0,2026/01/16-22:15:59.063
ctl,304.0,20480.0,5.0,2026/01/16-22:15:59.075
ctl,305.0,20480.0,5.0,2026/01/16-22:15:59.088
ctl,306.0,20480.0,5.0,2026/01/16-22:16:00.000
ctl,307.0,20480.0,5.0,2026/01/16-22:16:00.015
ctl,308.0,20480.0,5.0,2026/01/16-22:16:00.031
ctl,309.0,28670.0,7.0,2026/01/16-22:16:00.053
ctl,310.0,32770.0,8.0,2026/01/16-22:16:00.077
ctl,311.0,20480.0,5.0,2026/01/16-22:16:00.093
ctl,312.0,20480.0,5.0,2026/01/16-22:16:01.006
ctl,313.0,20480.0,5.0,2026/01/16-22:16:01.019
ctl,314.0,20480.0,5.0,2026/01/16-22:16:01.031
ctl,315.0,20480.0,5.0,2026/01/16-22:16:01.046
ctl,316.0,20480.0,5.0,2026/01/16-22:16:01.058
ctl,317.0,20480.0,5.0,2026/01/16-22:16:01.073
ctl,318.0,20480.0,5.0,2026/01/16-22:16:01.089
ctl,319.0,20480.0,5.0,2026/01/16-22:16:02.001
ctl,320.0,28670.0,7.0,2026/01/16-22:16:02.023
ctl,321.0,32770.0,8.0,2026/01/16-22:16:02.047
ctl,322.0,20480.0,5.0,2026/01/16-22:16:02.060
ctl,323.0,20480.0,5.0,2026/01/16-22:16:02.072
ctl,324.0,20480.0,5.0,2026/01/16-22:16:02.087
ctl,325.0,20480.0,5.0,2026/01/16-22:16:03.003
ctl,326.0,20480.0,5.0,2026/01/16-22:16:03.016
ctl,327.0,20480.0,5.0,2026/01/16-22:16:03.031
ctl,328.0,20480.0,5.0,2026/01/16-22:16:03.046
ctl,329.0,20480.0,5.0,2026/01/16-22:16:03.058
ctl,330.0,20480.0,5.0,2026/01/16-22:16:03.071
ctl,331.0,28670.0,7.0,2026/01/16-22:16:03.092
ctl,332.0,32770.0,8.0,2026/01/16-22:16:04.018
ctl,333.0,20480.0,5.0,2026/01/16-22:16:04.033
ctl,334.0,20480.0,5.0,2026/01/16-22:16:04.045
ctl,335.0,20480.0,5.0,2026/01/16-22:16:04.060
ctl,336.0,20480.0,5.0,2026/01/16-22:16:04.076
ctl,337.0,20480.0,5.0,2026/01/16-22:16:04.090
ctl,338.0,20480.0,5.0,2026/01/16-22:16:05.006
ctl,339.0,20480.0,5.0,2026/01/16-22:16:05.021
ctl,340.0,20480.0,5.0,2026/01/16-22:16:05.036
ctl,341.0,20480.0,5.0,2026/01/16-22:16:05.051
ctl,342.0,28670.0,7.0,2026/01/16-22:16:05.077
ctl,343.0,32770.0,8.0,2026/01/16-22:16:05.097
ctl,344.0,20480.0,5.0,2026/01/16-22:16:06.012
ctl,345.0,20480.0,5.0,2026/01/16-22:16:06.027
ctl,346.0,20480.0,5.0,2026/01/16-22:16:06.043
ctl,347.0,20480.0,5.0,2026/01/16-22:16:06.057
ctl,348.0,20480.0,5.0,2026/01/16-22:16:06.073
ctl,349.0,20480.0,5.0,2026/01/16-22:16:06.088
ctl,350.0,20480.0,5.0,2026/01/16-22:16:07.004
ctl,351.0,20480.0,5.0,2026/01/16-22:16:07.019
ctl,352.0,20480.0,5.0,2026/01/16-22:16:07.035
ctl,353.0,28670.0,7.0,2026/01/16-22:16:07.059
ctl,354.0,32770.0,8.0,2026/01/16-22:16:07.081
ctl,355.0,20480.0,5.0,2026/01/16-22:16:07.094
ctl,356.0,20480.0,5.0,2026/01/16-22:16:08.007
ctl,357.0,20480.0,5.0,2026/01/16-22:16:08.023
ctl,358.0,20480.0,5.0,2026/01/16-22:16:08.036
ctl,359.0,20480.0,5.0,2026/01/16-22:16:08.052
ctl,360.0,20480.0,5.0,2026/01/16-22:16:08.067
ctl,361.0,20480.0,5.0,2026/01/16-22:16:08.080
ctl,362.0,20480.0,5.0,2026/01/16-22:16:08.095
ctl,363.0,20480.0,5.0,2026/01/16-22:16:09.008
ctl,364.0,28670.0,7.0,2026/01/16-22:16:09.034
ctl,365.0,32770.0,8.0,2026/01/16-22:16:09.056
ctl,366.0,20480.0,5.0,2026/01/16-22:16:09.072
ctl,367.0,20480.0,5.0,2026/01/16-22:16:09.087
ctl,368.0,20480.0,5.0,2026/01/16-22:16:10.003
ctl,369.0,20480.0,5.0,2026/01/16-22:16:10.015
ctl,370.0,20480.0,5.0,2026/01/16-22:16:10.031
ctl,371.0,20480.0,5.0,2026/01/16-22:16:10.048
ctl,372.0,20480.0,5.0,2026/01/16-22:16:10.062
ctl,373.0,20480.0,5.0,2026/01/16-22:16:10.077
ctl,374.0,20480.0,5.0,2026/01/16-22:16:10.093
ctl,375.0,28670.0,7.0,2026/01/16-22:16:11.012
ctl,376.0,32770.0,8.0,2026/01/16-22:16:11.039
ctl,377.0,20480.0,5.0,2026/01/16-22:16:11.055
ctl,378.0,20480.0,5.0,2026/01/16-22:16:11.070
ctl,379.0,20480.0,5.0,2026/01/16-22:16:11.086
ctl,380.0,20480.0,5.0,2026/01/16-22:16:12.001
ctl,381.0,20480.0,5.0,2026/01/16-22:16:12.017
ctl,382.0,20480.0,5.0,2026/01/16-22:16:12.030
ctl,383.0,20480.0,5.0,2026/01/16-22:16:12.046
ctl,384.0,20480.0,5.0,2026/01/16-22:16:12.062
ctl,385.0,20480.0,5.0,2026/01/16-22:16:12.075
ctl,386.0,28670.0,7.0,2026/01/16-22:16:13.001
ctl,387.0,32770.0,8.0,2026/01/16-22:16:13.023
ctl,388.0,20480.0,5.0,2026/01/16-22:16:13.038
ctl,389.0,20480.0,5.0,2026/01/16-22:16:13.051
ctl,390.0,20480.0,5.0,2026/01/16-22:16:13.066
ctl,391.0,20480.0,5.0,2026/01/16-22:16:13.081
ctl,392.0,20480.0,5.0,2026/01/16-22:16:13.096
ctl,393.0,20480.0,5.0,2026/01/16-22:16:14.011
ctl,394.0,20480.0,5.0,2026/01/16-22:16:14.026
ctl,395.0,20480.0,5.0,2026/01/16-22:16:14.042
ctl,396.0,20480.0,5.0,2026/01/16-22:16:14.057
ctl,397.0,28670.0,7.0,2026/01/16-22:16:14.082
ctl,398.0,32770.0,8.0,2026/01/16-22:16:15.006
ctl,399.0,20480.0,5.0,2026/01/16-22:16:15.022
ctl,400.0,20480.0,5.0,2026/01/16-22:16:15.034
ctl,401.0,20480.0,5.0,2026/01/16-22:16:15.057
ctl,402.0,20480.0,5.0,2026/01/16-22:16:15.065
ctl,403.0,20480.0,5.0,2026/01/16-22:16:15.080
ctl,404.0,20480.0,5.0,2026/01/16-22:16:15.093
ctl,405.0,20480.0,5.0,2026/01/16-22:16:16.009
ctl,406.0,20480.0,5.0,2026/01/16-22:16:16.024
ctl,407.0,20480.0,5.0,2026/01/16-22:16:16.039
ctl,408.0,28670.0,7.0,2026/01/16-22:16:16.057
ctl,409.0,32770.0,8.0,2026/01/16-22:16:16.086
ctl,410.0,20480.0,5.0,2026/01/16-22:16:17.001
ctl,411.0,20480.0,5.0,2026/01/16-22:16:17.016
ctl,412.0,20480.0,5.0,2026/01/16-22:16:17.030
ctl,413.0,20480.0,5.0,2026/01/16-22:16:17.043
ctl,414.0,20480.0,5.0,2026/01/16-22:16:17.058
ctl,415.0,20480.0,5.0,2026/01/16-22:16:17.071
ctl,416.0,20480.0,5.0,2026/01/16-22:16:17.086
ctl,417.0,20480.0,5.0,2026/01/16-22:16:17.099
ctl,418.0,20480.0,5.0,2026/01/16-22:16:18.014
ctl,419.0,28670.0,7.0,2026/01/16-22:16:18.035
ctl,420.0,32770.0,8.0,2026/01/16-22:16:18.056
ctl,421.0,20480.0,5.0,2026/01/16-22:16:18.071
ctl,422.0,20480.0,5.0,2026/01/16-22:16:18.087
ctl,423.0,20480.0,5.0,2026/01/16-22:16:19.003
ctl,424.0,20480.0,5.0,2026/01/16-22:16:19.015
ctl,425.0,20480.0,5.0,2026/01/16-22:16:19.031
ctl,426.0,20480.0,5.0,2026/01/16-22:16:19.044
ctl,427.0,20480.0,5.0,2026/01/16-22:16:19.060
ctl,428.0,20480.0,5.0,2026/01/16-22:16:19.076
ctl,429.0,20480.0,5.0,2026/01/16-22:16:19.091
ctl,430.0,28670.0,7.0,2026/01/16-22:16:20.013
ctl,431.0,32770.0,8.0,2026/01/16-22:16:20.039
ctl,432.0,20480.0,5.0,2026/01/16-22:16:20.054
ctl,433.0,20480.0,5.0,2026/01/16-22:16:20.066
ctl,434.0,20480.0,5.0,2026/01/16-22:16:20.081
ctl,435.0,20480.0,5.0,2026/01/16-22:16:20.096
ctl,436.0,20480.0,5.0,2026/01/16-22:16:21.011
ctl,437.0,20480.0,5.0,2026/01/16-22:16:21.026
ctl,438.0,20480.0,5.0,2026/01/16-22:16:21.042
ctl,439.0,20480.0,5.0,2026/01/16-22:16:21.057
ctl,440.0,20480.0,5.0,2026/01/16-22:16:21.073
ctl,441.0,28670.0,7.0,2026/01/16-22:16:21.094
ctl,442.0,32770.0,8.0,2026/01/16-22:16:22.020
ctl,443.0,20480.0,5.0,2026/01/16-22:16:22.034
ctl,444.0,20480.0,5.0,2026/01/16-22:16:22.049
ctl,445.0,20480.0,5.0,2026/01/16-22:16:22.065
ctl,446.0,20480.0,5.0,2026/01/16-22:16:22.078
ctl,447.0,20480.0,5.0,2026/01/16-22:16:22.091
ctl,448.0,20480.0,5.0,2026/01/16-22:16:23.006
ctl,449.0,20480.0,5.0,2026/01/16-22:16:23.022
ctl,450.0,20480.0,5.0,2026/01/16-22:16:23.038
ctl,451.0,20480.0,5.0,2026/01/16-22:16:23.050
ctl,452.0,28670.0,7.0,2026/01/16-22:16:23.077
ctl,453.0,32770.0,8.0,2026/01/16-22:16:24.002
ctl,454.0,20480.0,5.0,2026/01/16-22:16:24.018
ctl,455.0,20480.0,5.0,2026/01/16-22:16:24.031
ctl,456.0,20480.0,5.0,2026/01/16-22:16:24.043
ctl,457.0,20480.0,5.0,2026/01/16-22:16:24.058
ctl,458.0,20480.0,5.0,2026/01/16-22:16:24.073
ctl,459.0,20480.0,5.0,2026/01/16-22:16:24.088
ctl,460.0,20480.0,5.0,2026/01/16-22:16:25.003
ctl,461.0,20480.0,5.0,2026/01/16-22:16:25.018
ctl,462.0,20480.0,5.0,2026/01/16-22:16:25.032
ctl,463.0,28670.0,7.0,2026/01/16-22:16:25.058
ctl,464.0,32770.0,8.0,2026/01/16-22:16:25.080
ctl,465.0,24580.0,4.0,2026/01/16-22:28:46.000
ctl,466.0,24580.0,4.0,2026/01/16-22:28:46.004
ctl,467.0,24580.0,4.0,2026/01/16-22:28:46.019
ctl,468.0,24580.0,4.0,2026/01/16-22:28:46.035
ctl,469.0,24580.0,4.0,2026/01/16-22:28:46.050
ctl,470.0,24580.0,4.0,2026/01/16-22:28:46.065
ctl,471.0,24580.0,4.0,2026/01/16-22:28:46.077
ctl,472.0,24580.0,4.0,2026/01/16-22:28:46.092
ctl,473.0,24580.0,4.0,2026/01/16-22:28:47.006
ctl,474.0,36860.0,8.0,2026/01/16-22:28:47.034
ctl,475.0,40960.0,8.0,2026/01/16-22:28:47.060
ctl,476.0,24580.0,4.0,2026/01/16-22:28:47.074
ctl,477.0,24580.0,4.0,2026/01/16-22:28:47.089
ctl,478.0,24580.0,4.0,2026/01/16-22:28:48.005
ctl,479.0,24580.0,4.0,2026/01/16-22:28:48.021
ctl,480.0,24580.0,4.0,2026/01/16-22:28:48.034
ctl,481.0,24580.0,4.0,2026/01/16-22:28:48.049
ctl,482.0,24580.0,4.0,2026/01/16-22:28:48.064
ctl,483.0,24580.0,4.0,2026/01/16-22:28:48.079
ctl,484.0,24580.0,4.0,2026/01/16-22:28:48.094
ctl,485.0,36860.0,8.0,2026/01/16-22:28:49.021
ctl,486.0,40960.0,8.0,2026/01/16-22:28:49.046
ctl,487.0,24580.0,4.0,2026/01/16-22:28:49.061
ctl,488.0,24580.0,4.0,2026/01/16-22:28:49.077
ctl,489.0,24580.0,4.0,2026/01/16-22:28:49.092
ctl,490.0,24580.0,4.0,2026/01/16-22:28:50.008
ctl,491.0,24580.0,4.0,2026/01/16-22:28:50.024
ctl,492.0,24580.0,4.0,2026/01/16-22:28:50.040
ctl,493.0,24580.0,4.0,2026/01/16-22:28:50.057
ctl,494.0,24580.0,4.0,2026/01/16-22:28:50.072
ctl,495.0,24580.0,4.0,2026/01/16-22:28:50.087
ctl,496.0,36860.0,8.0,2026/01/16-22:28:51.006
ctl,497.0,40960.0,8.0,2026/01/16-22:28:51.027
ctl,498.0,24580.0,4.0,2026/01/16-22:28:51.041
ctl,499.0,24580.0,4.0,2026/01/16-22:28:51.057
ctl,500.0,24580.0,4.0,2026/01/16-22:28:51.072
ctl,501.0,24580.0,4.0,2026/01/16-22:28:51.088
ctl,502.0,24580.0,4.0,2026/01/16-22:28:52.004
ctl,503.0,24580.0,4.0,2026/01/16-22:28:52.017
ctl,504.0,24580.0,4.0,2026/01/16-22:28:52.032
ctl,505.0,24580.0,4.0,2026/01/16-22:28:52.045
ctl,506.0,24580.0,4.0,2026/01/16-22:28:52.061
ctl,507.0,36860.0,8.0,2026/01/16-22:28:52.085
ctl,508.0,40960.0,8.0,2026/01/16-22:28:53.004
ctl,509.0,24580.0,4.0,2026/01/16-22:28:53.017
ctl,510.0,24580.0,4.0,2026/01/16-22:28:53.033
ctl,511.0,24580.0,4.0,2026/01/16-22:28:53.049
ctl,512.0,24580.0,4.0,2026/01/16-22:28:53.061
ctl,513.0,24580.0,4.0,2026/01/16-22:28:53.077
ctl,514.0,24580.0,4.0,2026/01/16-22:28:53.092
ctl,515.0,24580.0,4.0,2026/01/16-22:28:54.004
ctl,516.0,24580.0,4.0,2026/01/16-22:28:54.019
ctl,517.0,24580.0,4.0,2026/01/16-22:28:54.035
ctl,518.0,36860.0,8.0,2026/01/16-22:28:54.061
ctl,519.0,40960.0,8.0,2026/01/16-22:28:54.081
ctl,520.0,24580.0,4.0,2026/01/16-22:28:54.095
ctl,521.0,24580.0,4.0,2026/01/16-22:28:55.011
ctl,522.0,24580.0,4.0,2026/01/16-22:28:55.024
ctl,523.0,24580.0,4.0,2026/01/16-22:28:55.039
ctl,524.0,24580.0,4.0,2026/01/16-22:28:55.055
ctl,525.0,24580.0,4.0,2026/01/16-22:28:55.071
ctl,526.0,24580.0,4.0,2026/01/16-22:28:55.086
ctl,527.0,24580.0,4.0,2026/01/16-22:28:56.000
ctl,528.0,24580.0,4.0,2026/01/16-22:28:56.016
ctl,529.0,36860.0,8.0,2026/01/16-22:28:56.035
ctl,530.0,40960.0,8.0,2026/01/16-22:28:56.055
ctl,531.0,24580.0,4.0,2026/01/16-22:28:56.069
ctl,532.0,24580.0,4.0,2026/01/16-22:28:56.085
ctl,533.0,24580.0,4.0,2026/01/16-22:28:57.001
ctl,534.0,24580.0,4.0,2026/01/16-22:28:57.016
ctl,535.0,24580.0,4.0,2026/01/16-22:28:57.030
ctl,536.0,24580.0,4.0,2026/01/16-22:28:57.045
ctl,537.0,24580.0,4.0,2026/01/16-22:28:57.058
ctl,538.0,24580.0,4.0,2026/01/16-22:28:57.073
ctl,539.0,24580.0,4.0,2026/01/16-22:28:57.089
ctl,540.0,36860.0,8.0,2026/01/16-22:28:58.010
ctl,541.0,40960.0,8.0,2026/01/16-22:28:58.030
ctl,542.0,24580.0,4.0,2026/01/16-22:28:58.044
ctl,543.0,24580.0,4.0,2026/01/16-22:28:58.060
ctl,544.0,24580.0,4.0,2026/01/16-22:28:58.076
ctl,545.0,24580.0,4.0,2026/01/16-22:28:58.090
ctl,546.0,24580.0,4.0,2026/01/16-22:28:59.003
ctl,547.0,24580.0,4.0,2026/01/16-22:28:59.018
ctl,548.0,24580.0,4.0,2026/01/16-22:28:59.033
ctl,549.0,24580.0,4.0,2026/01/16-22:28:59.048
ctl,550.0,24580.0,4.0,2026/01/16-22:28:59.063
ctl,551.0,36860.0,8.0,2026/01/16-22:28:59.089
ctl,552.0,40960.0,8.0,2026/01/16-22:29:00.009
ctl,553.0,24580.0,4.0,2026/01/16-22:29:00.023
ctl,554.0,24580.0,4.0,2026/01/16-22:29:00.038
ctl,555.0,24580.0,4.0,2026/01/16-22:29:00.053
ctl,556.0,24580.0,4.0,2026/01/16-22:29:00.066
ctl,557.0,24580.0,4.0,2026/01/16-22:29:00.082
ctl,558.0,24580.0,4.0,2026/01/16-22:29:00.094
ctl,559.0,24580.0,4.0,2026/01/16-22:29:01.008
ctl,560.0,24580.0,4.0,2026/01/16-22:29:01.023
ctl,561.0,24580.0,4.0,2026/01/16-22:29:01.039
ctl,562.0,36860.0,8.0,2026/01/16-22:29:01.058
ctl,563.0,40960.0,8.0,2026/01/16-22:29:01.078
ctl,564.0,24580.0,4.0,2026/01/16-22:29:01.092
ctl,565.0,24580.0,4.0,2026/01/16-22:29:02.008
ctl,566.0,24580.0,4.0,2026/01/16-22:29:02.021
ctl,567.0,24580.0,4.0,2026/01/16-22:29:02.036
ctl,568.0,24580.0,4.0,2026/01/16-22:29:02.051
ctl,569.0,24580.0,4.0,2026/01/16-22:29:02.066
ctl,570.0,24580.0,4.0,2026/01/16-22:29:02.081
ctl,571.0,24580.0,4.0,2026/01/16-22:29:02.095
ctl,572.0,24580.0,4.0,2026/01/16-22:29:03.014
ctl,573.0,36860.0,8.0,2026/01/16-22:29:03.032
ctl,574.0,40960.0,8.0,2026/01/16-22:29:03.053
ctl,575.0,24580.0,4.0,2026/01/16-22:29:03.068
ctl,576.0,24580.0,4.0,2026/01/16-22:29:03.082
ctl,577.0,24580.0,4.0,2026/01/16-22:29:03.095
ctl,578.0,24580.0,4.0,2026/01/16-22:29:04.007
ctl,579.0,24580.0,4.0,2026/01/16-22:29:04.023
ctl,580.0,24580.0,4.0,2026/01/16-22:29:04.034
ctl,581.0,24580.0,4.0,2026/01/16-22:29:04.047
ctl,582.0,24580.0,4.0,2026/01/16-22:29:04.062
ctl,583.0,24580.0,4.0,2026/01/16-22:29:04.077
ctl,584.0,36860.0,8.0,2026/01/16-22:29:05.003
ctl,585.0,40960.0,8.0,2026/01/16-22:29:05.029
ctl,586.0,24580.0,4.0,2026/01/16-22:29:05.044
ctl,587.0,24580.0,4.0,2026/01/16-22:29:05.058
ctl,588.0,24580.0,4.0,2026/01/16-22:29:05.074
ctl,589.0,24580.0,4.0,2026/01/16-22:29:05.088
ctl,590.0,24580.0,4.0,2026/01/16-22:29:06.002
ctl,591.0,24580.0,4.0,2026/01/16-22:29:06.015
ctl,592.0,24580.0,4.0,2026/01/16-22:29:06.030
ctl,593.0,24580.0,4.0,2026/01/16-22:29:06.043
ctl,594.0,24580.0,4.0,2026/01/16-22:29:06.058
ctl,595.0,36860.0,8.0,2026/01/16-22:29:06.079
ctl,596.0,40960.0,8.0,2026/01/16-22:29:07.004
ctl,597.0,24580.0,4.0,2026/01/16-22:29:07.018
ctl,598.0,24580.0,4.0,2026/01/16-22:29:07.033
ctl,599.0,24580.0,4.0,2026/01/16-22:29:07.046
ctl,600.0,24580.0,4.0,2026/01/16-22:29:07.061
ctl,601.0,24580.0,4.0,2026/01/16-22:29:07.074
ctl,602.0,24580.0,4.0,2026/01/16-22:29:07.089
ctl,603.0,24580.0,4.0,2026/01/16-22:29:08.002
ctl,604.0,24580.0,4.0,2026/01/16-22:29:08.017
ctl,605.0,24580.0,4.0,2026/01/16-22:29:08.032
ctl,606.0,36860.0,8.0,2026/01/16-22:29:08.058
ctl,607.0,40960.0,8.0,2026/01/16-22:29:08.078
ctl,608.0,24580.0,4.0,2026/01/16-22:29:08.093
ctl,609.0,24580.0,4.0,2026/01/16-22:29:09.008
ctl,610.0,24580.0,4.0,2026/01/16-22:29:09.023
ctl,611.0,24580.0,4.0,2026/01/16-22:29:09.038
ctl,612.0,24580.0,4.0,2026/01/16-22:29:09.053
ctl,613.0,24580.0,4.0,2026/01/16-22:29:09.069
ctl,614.0,24580.0,4.0,2026/01/16-22:29:09.084
ctl,615.0,24580.0,4.0,2026/01/16-22:29:10.000
ctl,616.0,24580.0,4.0,2026/01/16-22:29:10.015
ctl,617.0,36860.0,8.0,2026/01/16-22:29:10.038
ctl,618.0,40960.0,8.0,2026/01/16-22:29:10.058
ctl,619.0,24580.0,4.0,2026/01/16-22:29:10.072
ctl,620.0,24580.0,4.0,2026/01/16-22:29:10.087
ctl,621.0,24580.0,4.0,2026/01/16-22:29:11.002
ctl,622.0,24580.0,4.0,2026/01/16-22:29:11.018
ctl,623.0,24580.0,4.0,2026/01/16-22:29:11.033
ctl,624.0,24580.0,4.0,2026/01/16-22:29:11.048
ctl,625.0,24580.0,4.0,2026/01/16-22:29:11.061
ctl,626.0,24580.0,4.0,2026/01/16-22:29:11.077
ctl,627.0,24580.0,4.0,2026/01/16-22:29:11.092
ctl,628.0,24580.0,4.0,2026/01/16-22:29:12.008
ctl,629.0,24580.0,4.0,2026/01/16-22:29:12.020
ctl,630.0,24580.0,4.0,2026/01/16-22:29:12.036
ctl,631.0,24580.0,4.0,2026/01/16-22:29:12.050
ctl,632.0,24580.0,4.0,2026/01/16-22:29:12.063
ctl,633.0,24580.0,4.0,2026/01/16-22:29:12.076
ctl,634.0,24580.0,4.0,2026/01/16-22:29:12.092
ctl,635.0,24580.0,4.0,2026/01/16-22:29:13.006
ctl,636.0,24580.0,4.0,2026/01/16-22:29:13.020
ctl,637.0,24580.0,4.0,2026/01/16-22:29:13.036
ctl,638.0,24580.0,4.0,2026/01/16-22:29:13.049
ctl,639.0,24580.0,4.0,2026/01/16-22:29:13.065
ctl,640.0,24580.0,4.0,2026/01/16-22:29:13.080
ctl,641.0,24580.0,4.0,2026/01/16-22:29:13.093
ctl,642.0,24580.0,4.0,2026/01/16-22:29:14.009
ctl,643.0,24580.0,4.0,2026/01/16-22:29:14.024
ctl,644.0,24580.0,4.0,2026/01/16-22:29:14.039
ctl,645.0,24580.0,4.0,2026/01/16-22:29:14.054
ctl,646.0,24580.0,4.0,2026/01/16-22:29:14.067
ctl,647.0,24580.0,4.0,2026/01/16-22:29:14.080
ctl,648.0,24580.0,4.0,2026/01/16-22:29:14.094
ctl,649.0,24580.0,4.0,2026/01/16-22:29:15.010
ctl,650.0,24580.0,4.0,2026/01/16-22:29:15.025
ctl,651.0,24580.0,4.0,2026/01/16-22:29:15.042
ctl,652.0,24580.0,4.0,2026/01/16-22:29:15.057
ctl,653.0,24580.0,4.0,2026/01/16-22:29:15.072
ctl,654.0,24580.0,4.0,2026/01/16-22:29:15.091
ctl,655.0,24580.0,4.0,2026/01/16-22:29:16.003
ctl,656.0,24580.0,4.0,2026/01/16-22:29:16.024
r,-1.0,0.0,0.0,2026/01/16-22:07:05.099
r,0.0,0.0,0.0,2026/01/16-22:09:16.040
r,1.0,0.0,0.0,2026/01/16-22:09:16.053
r,2.0,0.0,0.0,2026/01/16-22:09:16.066
r,3.0,0.0,0.0,2026/01/16-22:09:16.081
r,4.0,0.0,0.0,2026/01/16-22:09:16.093
r,5.0,0.0,0.0,2026/01/16-22:09:17.008
r,6.0,0.0,0.0,2026/01/16-22:09:17.024
r,7.0,0.0,0.0,2026/01/16-22:09:17.039
r,8.0,0.0,0.0,2026/01/16-22:09:17.055
r,9.0,0.0,0.0,2026/01/16-22:09:17.069
r,10.0,0.0,0.0,2026/01/16-22:09:17.086
r,11.0,0.0,0.0,2026/01/16-22:09:18.002
r,12.0,0.0,0.0,2026/01/16-22:09:18.016
r,13.0,0.0,0.0,2026/01/16-22:09:18.037
r,14.0,0.0,0.0,2026/01/16-22:09:18.050
r,15.0,0.0,0.0,2026/01/16-22:09:18.066
r,16.0,0.0,0.0,2026/01/16-22:09:18.083
r,17.0,0.0,0.0,2026/01/16-22:09:18.099
r,18.0,0.0,0.0,2026/01/16-22:09:19.014
r,19.0,0.0,0.0,2026/01/16-22:09:19.031
r,20.0,0.0,0.0,2026/01/16-22:09:19.046
r,21.0,0.0,0.0,2026/01/16-22:09:19.060
r,22.0,0.0,0.0,2026/01/16-22:09:19.076
r,23.0,0.0,0.0,2026/01/16-22:09:19.099
r,24.0,0.0,0.0,2026/01/16-22:09:20.021
r,25.0,0.0,0.0,2026/01/16-22:09:20.033
r,26.0,0.0,0.0,2026/01/16-22:09:20.047
r,27.0,0.0,0.0,2026/01/16-22:09:20.059
r,28.0,0.0,0.0,2026/01/16-22:09:20.072
r,29.0,0.0,0.0,2026/01/16-22:09:20.086
r,30.0,0.0,0.0,2026/01/16-22:09:20.098
r,31.0,0.0,0.0,2026/01/16-22:09:21.013
r,32.0,0.0,0.0,2026/01/16-22:09:21.033
r,33.0,120854941.0,176734.0,2026/01/16-22:10:05.076
r,34.0,183276464.0,483167.0,2026/01/16-22:10:05.098
r,35.0,169172797.0,492476.0,2026/01/16-22:10:06.021
r,36.0,114478707.0,220297.0,2026/01/16-22:10:06.036
r,37.0,104467088.0,176737.0,2026/01/16-22:10:06.051
r,38.0,117954512.0,176737.0,2026/01/16-22:10:06.067
r,39.0,116168331.0,176737.0,2026/01/16-22:10:06.082
r,40.0,112572848.0,176737.0,2026/01/16-22:10:06.097
r,41.0,105184623.0,176737.0,2026/01/16-22:10:07.012
r,42.0,113187462.0,176737.0,2026/01/16-22:10:07.028
r,43.0,112986530.0,176737.0,2026/01/16-22:10:07.043
r,44.0,112825407.0,176737.0,2026/01/16-22:10:07.058
r,45.0,174683505.0,485515.0,2026/01/16-22:10:07.081
r,46.0,167653740.0,490108.0,2026/01/16-22:10:08.004
r,47.0,102401124.0,219844.0,2026/01/16-22:10:08.019
r,48.0,100120801.0,176732.0,2026/01/16-22:10:08.034
r,49.0,100673938.0,176732.0,2026/01/16-22:10:08.049
r,50.0,100292244.0,176732.0,2026/01/16-22:10:08.064
r,51.0,114717872.0,176732.0,2026/01/16-22:10:08.079
r,52.0,103010936.0,176732.0,2026/01/16-22:10:08.095
r,53.0,110587086.0,176732.0,2026/01/16-22:10:09.010
r,54.0,117028264.0,176732.0,2026/01/16-22:10:09.026
r,55.0,105859367.0,176732.0,2026/01/16-22:10:09.041
r,56.0,180397554.0,482246.0,2026/01/16-22:10:09.069
r,57.0,188926499.0,491349.0,2026/01/16-22:10:09.096
r,58.0,114105871.0,220117.0,2026/01/16-22:10:10.012
r,59.0,109750817.0,176733.0,2026/01/16-22:10:10.028
r,60.0,119079541.0,176733.0,2026/01/16-22:10:10.044
r,61.0,111866915.0,176733.0,2026/01/16-22:10:10.059
r,62.0,109774537.0,176733.0,2026/01/16-22:10:10.075
r,63.0,110699056.0,176733.0,2026/01/16-22:10:10.090
r,64.0,115434170.0,176733.0,2026/01/16-22:10:11.006
r,65.0,110810075.0,176733.0,2026/01/16-22:10:11.021
r,66.0,113021691.0,176733.0,2026/01/16-22:10:11.037
r,67.0,174139168.0,483162.0,2026/01/16-22:10:11.061
r,68.0,194436369.0,489435.0,2026/01/16-22:10:11.089
r,69.0,133941254.0,219774.0,2026/01/16-22:10:12.007
r,70.0,124587508.0,176734.0,2026/01/16-22:10:12.023
r,71.0,122450085.0,176734.0,2026/01/16-22:10:12.039
r,72.0,119519396.0,176734.0,2026/01/16-22:10:12.055
r,73.0,124025249.0,176734.0,2026/01/16-22:10:12.072
r,74.0,127108594.0,176734.0,2026/01/16-22:10:12.088
r,75.0,116641644.0,176734.0,2026/01/16-22:10:13.004
r,76.0,111555923.0,176734.0,2026/01/16-22:10:13.020
r,77.0,106782138.0,176734.0,2026/01/16-22:10:13.035
r,78.0,180206074.0,481358.0,2026/01/16-22:10:13.062
r,79.0,177138753.0,485233.0,2026/01/16-22:10:13.088
r,80.0,113597386.0,219082.0,2026/01/16-22:10:14.004
r,81.0,121209480.0,176722.0,2026/01/16-22:10:14.020
r,82.0,119408491.0,176722.0,2026/01/16-22:10:14.036
r,83.0,7396581.0,40960.0,2026/01/16-22:13:20.086
r,84.0,7300773.0,40960.0,2026/01/16-22:13:20.099
r,85.0,7278113.0,40960.0,2026/01/16-22:13:21.013
r,86.0,7244788.0,40960.0,2026/01/16-22:13:21.026
r,87.0,7248981.0,40960.0,2026/01/16-22:13:21.039
r,88.0,7277115.0,40960.0,2026/01/16-22:13:21.052
r,89.0,17436901.0,57344.0,2026/01/16-22:13:21.074
r,90.0,18673661.0,65536.0,2026/01/16-22:13:21.098
r,91.0,7936612.0,40960.0,2026/01/16-22:13:22.012
r,92.0,7321367.0,40960.0,2026/01/16-22:13:22.024
r,93.0,7318140.0,40960.0,2026/01/16-22:13:22.039
r,94.0,7314050.0,40960.0,2026/01/16-22:13:22.053
r,95.0,7311060.0,40960.0,2026/01/16-22:13:22.065
r,96.0,7320517.0,40960.0,2026/01/16-22:13:22.080
r,97.0,7331227.0,40960.0,2026/01/16-22:13:22.094
r,98.0,7311244.0,40960.0,2026/01/16-22:13:23.006
r,99.0,7324932.0,40960.0,2026/01/16-22:13:23.021
r,100.0,17609104.0,57344.0,2026/01/16-22:13:23.047
r,101.0,18161329.0,65536.0,2026/01/16-22:13:23.071
r,102.0,7726028.0,40960.0,2026/01/16-22:13:23.086
r,103.0,7125897.0,40960.0,2026/01/16-22:13:23.098
r,104.0,7153327.0,40960.0,2026/01/16-22:13:24.013
r,105.0,7117162.0,40960.0,2026/01/16-22:13:24.028
r,106.0,7147422.0,40960.0,2026/01/16-22:13:24.042
r,107.0,7117608.0,40960.0,2026/01/16-22:13:24.058
r,108.0,7125736.0,40960.0,2026/01/16-22:13:24.072
r,109.0,7134001.0,40960.0,2026/01/16-22:13:24.087
r,110.0,7144096.0,40960.0,2026/01/16-22:13:25.001
r,111.0,16952846.0,57344.0,2026/01/16-22:13:25.027
r,112.0,17808652.0,65536.0,2026/01/16-22:13:25.049
r,113.0,7679958.0,40960.0,2026/01/16-22:13:25.064
r,114.0,7101256.0,40960.0,2026/01/16-22:13:25.077
r,115.0,7099553.0,40960.0,2026/01/16-22:13:25.092
r,116.0,7092728.0,40960.0,2026/01/16-22:13:26.006
r,117.0,7089478.0,40960.0,2026/01/16-22:13:26.020
r,118.0,7097760.0,40960.0,2026/01/16-22:13:26.035
r,119.0,7100703.0,40960.0,2026/01/16-22:13:26.050
r,120.0,7093455.0,40960.0,2026/01/16-22:13:26.064
r,121.0,7097921.0,40960.0,2026/01/16-22:13:26.078
r,122.0,17305260.0,57344.0,2026/01/16-22:13:27.000
r,123.0,18102075.0,65536.0,2026/01/16-22:13:27.026
r,124.0,7595124.0,40960.0,2026/01/16-22:13:27.040
r,125.0,6991457.0,40960.0,2026/01/16-22:13:27.055
r,126.0,6986079.0,40960.0,2026/01/16-22:13:27.070
r,127.0,6981553.0,40960.0,2026/01/16-22:13:27.083
r,128.0,6968567.0,40960.0,2026/01/16-22:13:27.095
r,129.0,6997905.0,40960.0,2026/01/16-22:13:28.008
r,130.0,6989432.0,40960.0,2026/01/16-22:13:28.023
r,131.0,6981116.0,40960.0,2026/01/16-22:13:28.037
r,132.0,6992861.0,40960.0,2026/01/16-22:13:28.050
r,133.0,16695242.0,57344.0,2026/01/16-22:13:28.075
r,134.0,17456263.0,65536.0,2026/01/16-22:13:28.095
r,135.0,7607584.0,40960.0,2026/01/16-22:13:29.008
r,136.0,7002127.0,40960.0,2026/01/16-22:13:29.022
r,137.0,7000433.0,40960.0,2026/01/16-22:13:29.036
r,138.0,6987707.0,40960.0,2026/01/16-22:13:29.047
r,139.0,6995808.0,40960.0,2026/01/16-22:13:29.062
r,140.0,6997849.0,40960.0,2026/01/16-22:13:29.076
r,141.0,6994936.0,40960.0,2026/01/16-22:13:29.091
r,142.0,7006518.0,40960.0,2026/01/16-22:13:30.005
r,143.0,6982814.0,40960.0,2026/01/16-22:13:30.019
r,144.0,17628100.0,57344.0,2026/01/16-22:13:30.045
r,145.0,17544815.0,65536.0,2026/01/16-22:13:30.071
r,146.0,7598521.0,40960.0,2026/01/16-22:13:30.084
r,147.0,7050720.0,40960.0,2026/01/16-22:13:31.000
r,148.0,6998196.0,40960.0,2026/01/16-22:13:31.015
r,149.0,7012289.0,40960.0,2026/01/16-22:13:31.027
r,150.0,7012102.0,40960.0,2026/01/16-22:13:31.041
r,151.0,7020402.0,40960.0,2026/01/16-22:13:31.053
r,152.0,7030788.0,40960.0,2026/01/16-22:13:31.066
r,153.0,7022128.0,40960.0,2026/01/16-22:13:31.080
r,154.0,7027007.0,40960.0,2026/01/16-22:13:31.096
r,155.0,16704790.0,57344.0,2026/01/16-22:13:32.019
r,156.0,17428638.0,65536.0,2026/01/16-22:13:32.045
r,157.0,7763784.0,40960.0,2026/01/16-22:13:32.060
r,158.0,7178531.0,40960.0,2026/01/16-22:13:32.075
r,159.0,7176135.0,40960.0,2026/01/16-22:13:32.090
r,160.0,7182445.0,40960.0,2026/01/16-22:13:33.004
r,161.0,7147979.0,40960.0,2026/01/16-22:13:33.016
r,162.0,7205476.0,40960.0,2026/01/16-22:13:33.029
r,163.0,7199201.0,40960.0,2026/01/16-22:13:33.041
r,164.0,7194555.0,40960.0,2026/01/16-22:13:33.054
r,165.0,7178765.0,40960.0,2026/01/16-22:13:33.068
r,166.0,16763662.0,57344.0,2026/01/16-22:13:33.088
r,167.0,17879486.0,65536.0,2026/01/16-22:13:34.014
r,168.0,7710772.0,40960.0,2026/01/16-22:13:34.027
r,169.0,7104930.0,40960.0,2026/01/16-22:13:34.039
r,170.0,7092244.0,40960.0,2026/01/16-22:13:34.054
r,171.0,7102226.0,40960.0,2026/01/16-22:13:34.068
r,172.0,7121552.0,40960.0,2026/01/16-22:13:34.081
r,173.0,7121110.0,40960.0,2026/01/16-22:13:34.094
r,174.0,7104701.0,40960.0,2026/01/16-22:13:35.006
r,175.0,7111271.0,40960.0,2026/01/16-22:13:35.019
r,176.0,7095693.0,40960.0,2026/01/16-22:13:35.034
r,177.0,16802176.0,57344.0,2026/01/16-22:13:35.060
r,178.0,17151913.0,65536.0,2026/01/16-22:13:35.082
r,179.0,7779500.0,40960.0,2026/01/16-22:13:35.097
r,180.0,7188178.0,40960.0,2026/01/16-22:13:36.011
r,181.0,7169706.0,40960.0,2026/01/16-22:13:36.024
r,182.0,7167372.0,40960.0,2026/01/16-22:13:36.037
r,183.0,7196435.0,40960.0,2026/01/16-22:13:36.053
r,184.0,7209256.0,40960.0,2026/01/16-22:13:36.068
r,185.0,7214586.0,40960.0,2026/01/16-22:13:36.083
r,186.0,7196048.0,40960.0,2026/01/16-22:13:36.099
r,187.0,7178648.0,40960.0,2026/01/16-22:13:37.014
r,188.0,17427424.0,57344.0,2026/01/16-22:13:37.040
r,189.0,16881315.0,65536.0,2026/01/16-22:13:37.062
r,190.0,7781436.0,40960.0,2026/01/16-22:13:37.077
r,191.0,7168003.0,40960.0,2026/01/16-22:13:37.093
r,192.0,7084354.0,40960.0,2026/01/16-22:13:38.006
r,193.0,7103674.0,40960.0,2026/01/16-22:13:38.019
r,194.0,7133430.0,40960.0,2026/01/16-22:13:38.034
r,195.0,7076359.0,40960.0,2026/01/16-22:13:38.049
r,196.0,7071352.0,40960.0,2026/01/16-22:13:38.064
r,197.0,7080891.0,40960.0,2026/01/16-22:13:38.076
r,198.0,7084061.0,40960.0,2026/01/16-22:13:38.091
r,199.0,16481956.0,57344.0,2026/01/16-22:13:39.013
r,200.0,16919174.0,65536.0,2026/01/16-22:13:39.033
r,201.0,7863949.0,40960.0,2026/01/16-22:13:39.048
r,202.0,7268122.0,40960.0,2026/01/16-22:13:39.061
r,203.0,7217157.0,40960.0,2026/01/16-22:13:39.074
r,204.0,7220958.0,40960.0,2026/01/16-22:13:39.089
r,205.0,7229404.0,40960.0,2026/01/16-22:13:40.003
r,206.0,7214244.0,40960.0,2026/01/16-22:13:40.019
r,207.0,7227108.0,40960.0,2026/01/16-22:13:40.032
r,208.0,7197179.0,40960.0,2026/01/16-22:13:40.046
r,209.0,7238704.0,40960.0,2026/01/16-22:13:40.061
r,210.0,16988246.0,57344.0,2026/01/16-22:13:40.087
r,211.0,16442689.0,65536.0,2026/01/16-22:13:41.007
r,212.0,7800335.0,40960.0,2026/01/16-22:13:41.020
r,213.0,7218710.0,40960.0,2026/01/16-22:13:41.036
r,214.0,7167674.0,40960.0,2026/01/16-22:13:41.051
r,215.0,7213156.0,40960.0,2026/01/16-22:13:41.066
r,216.0,7153777.0,40960.0,2026/01/16-22:13:41.082
r,217.0,7179471.0,40960.0,2026/01/16-22:13:41.097
r,218.0,7146066.0,40960.0,2026/01/16-22:13:42.012
r,219.0,7148309.0,40960.0,2026/01/16-22:13:42.027
r,220.0,7182434.0,40960.0,2026/01/16-22:13:42.043
r,221.0,16443883.0,57344.0,2026/01/16-22:13:42.063
r,222.0,17158180.0,65536.0,2026/01/16-22:13:42.083
r,223.0,7799516.0,40960.0,2026/01/16-22:13:42.097
r,224.0,7168906.0,40960.0,2026/01/16-22:13:43.010
r,225.0,7167969.0,40960.0,2026/01/16-22:13:43.022
r,226.0,7183251.0,40960.0,2026/01/16-22:13:43.036
r,227.0,7167780.0,40960.0,2026/01/16-22:13:43.048
r,228.0,7175642.0,40960.0,2026/01/16-22:13:43.063
r,229.0,7192342.0,40960.0,2026/01/16-22:13:43.077
r,230.0,7171431.0,40960.0,2026/01/16-22:13:43.092
r,231.0,7186104.0,40960.0,2026/01/16-22:13:44.007
r,232.0,16486735.0,57344.0,2026/01/16-22:13:44.033
r,233.0,16433402.0,65536.0,2026/01/16-22:13:44.055
r,234.0,7624619.0,40960.0,2026/01/16-22:13:44.069
r,235.0,7045869.0,40960.0,2026/01/16-22:13:44.082
r,236.0,7056575.0,40960.0,2026/01/16-22:13:44.097
r,237.0,7024715.0,40960.0,2026/01/16-22:13:45.012
r,238.0,7025059.0,40960.0,2026/01/16-22:13:45.026
r,239.0,7044298.0,40960.0,2026/01/16-22:13:45.039
r,240.0,7009503.0,40960.0,2026/01/16-22:13:45.054
r,241.0,7015805.0,40960.0,2026/01/16-22:13:45.067
r,242.0,7015003.0,40960.0,2026/01/16-22:13:45.079
r,243.0,16880315.0,57344.0,2026/01/16-22:13:46.005
r,244.0,16376688.0,65536.0,2026/01/16-22:13:46.031
r,245.0,7789858.0,40960.0,2026/01/16-22:13:46.044
r,246.0,7155222.0,40960.0,2026/01/16-22:13:46.059
r,247.0,7157912.0,40960.0,2026/01/16-22:13:46.074
r,248.0,7146621.0,40960.0,2026/01/16-22:13:46.089
r,249.0,7183382.0,40960.0,2026/01/16-22:13:47.004
r,250.0,7158938.0,40960.0,2026/01/16-22:13:47.018
r,251.0,7192249.0,40960.0,2026/01/16-22:13:47.033
r,252.0,7128347.0,40960.0,2026/01/16-22:13:47.046
r,253.0,7161625.0,40960.0,2026/01/16-22:13:47.061
r,254.0,17487370.0,57344.0,2026/01/16-22:13:47.087
r,255.0,16147362.0,65536.0,2026/01/16-22:13:48.008
r,256.0,7663413.0,40960.0,2026/01/16-22:13:48.022
r,257.0,7037071.0,40960.0,2026/01/16-22:13:48.038
r,258.0,7030458.0,40960.0,2026/01/16-22:13:48.050
r,259.0,7039855.0,40960.0,2026/01/16-22:13:48.064
r,260.0,7040389.0,40960.0,2026/01/16-22:13:48.079
r,261.0,7065252.0,40960.0,2026/01/16-22:13:48.095
r,262.0,7011338.0,40960.0,2026/01/16-22:13:49.010
r,263.0,7014881.0,40960.0,2026/01/16-22:13:49.026
r,264.0,6997645.0,40960.0,2026/01/16-22:13:49.041
r,265.0,15734862.0,57344.0,2026/01/16-22:13:49.060
r,266.0,16234256.0,65536.0,2026/01/16-22:13:49.082
r,267.0,7759197.0,40960.0,2026/01/16-22:13:49.095
r,268.0,7121856.0,40960.0,2026/01/16-22:13:50.010
r,269.0,7161621.0,40960.0,2026/01/16-22:13:50.025
r,270.0,7133816.0,40960.0,2026/01/16-22:13:50.038
r,271.0,7136907.0,40960.0,2026/01/16-22:13:50.053
r,272.0,7119967.0,40960.0,2026/01/16-22:13:50.068
r,273.0,7131052.0,40960.0,2026/01/16-22:13:50.082
r,274.0,7161908.0,40960.0,2026/01/16-22:13:50.095
r,275.0,7108254.0,40960.0,2026/01/16-22:13:51.007
r,276.0,15661148.0,57344.0,2026/01/16-22:13:51.029
r,277.0,16506304.0,260119.0,2026/01/16-22:15:55.048
r,278.0,7797147.0,177300.0,2026/01/16-22:15:55.063
r,279.0,7168420.0,177531.0,2026/01/16-22:15:55.078
r,280.0,7165655.0,177598.0,2026/01/16-22:15:55.092
r,281.0,7180798.0,178805.0,2026/01/16-22:15:56.008
r,282.0,7163487.0,178213.0,2026/01/16-22:15:56.021
r,283.0,7181906.0,178331.0,2026/01/16-22:15:56.034
r,284.0,7158919.0,178351.0,2026/01/16-22:15:56.047
r,285.0,7164862.0,177499.0,2026/01/16-22:15:56.062
r,286.0,7173228.0,177572.0,2026/01/16-22:15:56.077
r,287.0,15539961.0,254172.0,2026/01/16-22:15:56.096
r,288.0,16480977.0,259924.0,2026/01/16-22:15:57.022
r,289.0,7722763.0,177585.0,2026/01/16-22:15:57.035
r,290.0,7130381.0,177529.0,2026/01/16-22:15:57.050
r,291.0,7122016.0,177709.0,2026/01/16-22:15:57.065
r,292.0,7127174.0,177720.0,2026/01/16-22:15:57.080
r,293.0,7110152.0,178545.0,2026/01/16-22:15:57.093
r,294.0,7119865.0,178850.0,2026/01/16-22:15:58.007
r,295.0,7123148.0,177597.0,2026/01/16-22:15:58.023
r,296.0,7114872.0,177551.0,2026/01/16-22:15:58.037
r,297.0,7138572.0,178769.0,2026/01/16-22:15:58.050
r,298.0,15649418.0,254023.0,2026/01/16-22:15:58.074
r,299.0,16656588.0,260080.0,2026/01/16-22:15:58.099
r,300.0,7795518.0,177427.0,2026/01/16-22:15:59.012
r,301.0,7189319.0,178143.0,2026/01/16-22:15:59.028
r,302.0,7170905.0,178749.0,2026/01/16-22:15:59.040
r,303.0,7173161.0,177962.0,2026/01/16-22:15:59.054
r,304.0,7154336.0,178516.0,2026/01/16-22:15:59.067
r,305.0,7161712.0,178351.0,2026/01/16-22:15:59.080
r,306.0,7162305.0,178676.0,2026/01/16-22:15:59.092
r,307.0,7187349.0,178761.0,2026/01/16-22:16:00.005
r,308.0,7168843.0,178200.0,2026/01/16-22:16:00.021
r,309.0,15935499.0,254124.0,2026/01/16-22:16:00.044
r,310.0,15669696.0,259766.0,2026/01/16-22:16:00.069
r,311.0,7771090.0,177327.0,2026/01/16-22:16:00.085
r,312.0,7170641.0,178491.0,2026/01/16-22:16:00.097
r,313.0,7184538.0,178495.0,2026/01/16-22:16:01.010
r,314.0,7143103.0,178493.0,2026/01/16-22:16:01.023
r,315.0,7160247.0,177694.0,2026/01/16-22:16:01.038
r,316.0,7157363.0,178574.0,2026/01/16-22:16:01.050
r,317.0,7150366.0,177543.0,2026/01/16-22:16:01.065
r,318.0,7170413.0,177758.0,2026/01/16-22:16:01.080
r,319.0,7169610.0,178555.0,2026/01/16-22:16:01.093
r,320.0,15104159.0,252828.0,2026/01/16-22:16:02.015
r,321.0,15852122.0,259872.0,2026/01/16-22:16:02.039
r,322.0,7873042.0,177497.0,2026/01/16-22:16:02.051
r,323.0,7284887.0,178474.0,2026/01/16-22:16:02.064
r,324.0,7279227.0,177577.0,2026/01/16-22:16:02.079
r,325.0,7316678.0,178787.0,2026/01/16-22:16:02.095
r,326.0,7286708.0,178501.0,2026/01/16-22:16:03.007
r,327.0,7282194.0,177586.0,2026/01/16-22:16:03.022
r,328.0,7266055.0,177861.0,2026/01/16-22:16:03.037
r,329.0,7268309.0,178628.0,2026/01/16-22:16:03.050
r,330.0,7294704.0,178665.0,2026/01/16-22:16:03.063
r,331.0,15448298.0,252687.0,2026/01/16-22:16:03.084
r,332.0,16776453.0,259619.0,2026/01/16-22:16:04.010
r,333.0,7852308.0,177508.0,2026/01/16-22:16:04.025
r,334.0,7203958.0,178729.0,2026/01/16-22:16:04.037
r,335.0,7244222.0,177719.0,2026/01/16-22:16:04.052
r,336.0,7251182.0,177735.0,2026/01/16-22:16:04.068
r,337.0,7239078.0,178378.0,2026/01/16-22:16:04.082
r,338.0,7244098.0,177731.0,2026/01/16-22:16:04.097
r,339.0,7234683.0,177770.0,2026/01/16-22:16:05.012
r,340.0,7248915.0,177709.0,2026/01/16-22:16:05.027
r,341.0,7230826.0,177756.0,2026/01/16-22:16:05.043
r,342.0,15843302.0,253363.0,2026/01/16-22:16:05.068
r,343.0,15696092.0,260009.0,2026/01/16-22:16:05.089
r,344.0,7772322.0,177453.0,2026/01/16-22:16:06.003
r,345.0,7154529.0,177539.0,2026/01/16-22:16:06.019
r,346.0,7139881.0,178962.0,2026/01/16-22:16:06.034
r,347.0,7135944.0,177640.0,2026/01/16-22:16:06.049
r,348.0,7148937.0,177709.0,2026/01/16-22:16:06.064
r,349.0,7167137.0,177615.0,2026/01/16-22:16:06.080
r,350.0,7176380.0,177647.0,2026/01/16-22:16:06.095
r,351.0,7204201.0,177519.0,2026/01/16-22:16:07.011
r,352.0,7182364.0,177654.0,2026/01/16-22:16:07.026
r,353.0,15491351.0,254016.0,2026/01/16-22:16:07.051
r,354.0,15339380.0,260502.0,2026/01/16-22:16:07.072
r,355.0,7871946.0,177538.0,2026/01/16-22:16:07.085
r,356.0,7289627.0,178511.0,2026/01/16-22:16:07.099
r,357.0,7283021.0,177502.0,2026/01/16-22:16:08.014
r,358.0,7292225.0,178400.0,2026/01/16-22:16:08.027
r,359.0,7286823.0,177572.0,2026/01/16-22:16:08.043
r,360.0,7293111.0,177847.0,2026/01/16-22:16:08.059
r,361.0,7296705.0,178617.0,2026/01/16-22:16:08.072
r,362.0,7282136.0,177594.0,2026/01/16-22:16:08.087
r,363.0,7235358.0,178490.0,2026/01/16-22:16:08.099
r,364.0,16168534.0,254084.0,2026/01/16-22:16:09.025
r,365.0,15559077.0,259599.0,2026/01/16-22:16:09.048
r,366.0,7818530.0,177382.0,2026/01/16-22:16:09.063
r,367.0,7236509.0,177634.0,2026/01/16-22:16:09.079
r,368.0,7248233.0,177499.0,2026/01/16-22:16:09.094
r,369.0,7224611.0,178380.0,2026/01/16-22:16:10.007
r,370.0,7273153.0,178709.0,2026/01/16-22:16:10.023
r,371.0,7258983.0,177809.0,2026/01/16-22:16:10.038
r,372.0,7266130.0,177440.0,2026/01/16-22:16:10.054
r,373.0,7240107.0,177580.0,2026/01/16-22:16:10.069
r,374.0,7224514.0,177625.0,2026/01/16-22:16:10.084
r,375.0,14687221.0,253829.0,2026/01/16-22:16:11.003
r,376.0,15746949.0,259400.0,2026/01/16-22:16:11.031
r,377.0,7846235.0,177043.0,2026/01/16-22:16:11.047
r,378.0,7217656.0,178867.0,2026/01/16-22:16:11.062
r,379.0,7263232.0,177813.0,2026/01/16-22:16:11.078
r,380.0,7249017.0,177690.0,2026/01/16-22:16:11.093
r,381.0,7271157.0,177416.0,2026/01/16-22:16:12.009
r,382.0,7269734.0,178459.0,2026/01/16-22:16:12.022
r,383.0,7257919.0,177788.0,2026/01/16-22:16:12.038
r,384.0,7300697.0,178125.0,2026/01/16-22:16:12.053
r,385.0,7259864.0,178472.0,2026/01/16-22:16:12.067
r,386.0,15153715.0,253095.0,2026/01/16-22:16:12.092
r,387.0,15211585.0,259701.0,2026/01/16-22:16:13.014
r,388.0,7848978.0,177286.0,2026/01/16-22:16:13.030
r,389.0,7220160.0,178282.0,2026/01/16-22:16:13.042
r,390.0,7219230.0,177680.0,2026/01/16-22:16:13.058
r,391.0,7191367.0,177476.0,2026/01/16-22:16:13.073
r,392.0,7200429.0,177620.0,2026/01/16-22:16:13.088
r,393.0,7204554.0,177575.0,2026/01/16-22:16:14.003
r,394.0,7209318.0,177782.0,2026/01/16-22:16:14.018
r,395.0,7204591.0,177919.0,2026/01/16-22:16:14.033
r,396.0,7193142.0,177522.0,2026/01/16-22:16:14.049
r,397.0,14745379.0,252919.0,2026/01/16-22:16:14.074
r,398.0,15813560.0,259228.0,2026/01/16-22:16:14.098
r,399.0,7923975.0,177205.0,2026/01/16-22:16:15.013
r,400.0,7332351.0,178426.0,2026/01/16-22:16:15.026
r,401.0,7324141.0,178921.0,2026/01/16-22:16:15.041
r,402.0,7340583.0,177841.0,2026/01/16-22:16:15.057
r,403.0,7336453.0,177772.0,2026/01/16-22:16:15.072
r,404.0,7342129.0,178528.0,2026/01/16-22:16:15.085
r,405.0,7333343.0,178083.0,2026/01/16-22:16:16.000
r,406.0,7338069.0,177581.0,2026/01/16-22:16:16.016
r,407.0,7345216.0,177706.0,2026/01/16-22:16:16.030
r,408.0,14459591.0,254214.0,2026/01/16-22:16:16.048
r,409.0,15584982.0,259611.0,2026/01/16-22:16:16.077
r,410.0,7921213.0,177351.0,2026/01/16-22:16:16.092
r,411.0,7280139.0,178297.0,2026/01/16-22:16:17.007
r,412.0,7265068.0,178370.0,2026/01/16-22:16:17.022
r,413.0,7269275.0,178466.0,2026/01/16-22:16:17.034
r,414.0,7287370.0,177701.0,2026/01/16-22:16:17.049
r,415.0,7306272.0,178421.0,2026/01/16-22:16:17.062
r,416.0,7271277.0,178404.0,2026/01/16-22:16:17.077
r,417.0,7269697.0,178484.0,2026/01/16-22:16:17.090
r,418.0,7288578.0,177738.0,2026/01/16-22:16:18.005
r,419.0,14439029.0,252761.0,2026/01/16-22:16:18.027
r,420.0,14898047.0,259617.0,2026/01/16-22:16:18.048
r,421.0,7834647.0,177342.0,2026/01/16-22:16:18.063
r,422.0,7223255.0,177502.0,2026/01/16-22:16:18.079
r,423.0,7210540.0,177644.0,2026/01/16-22:16:18.094
r,424.0,7209011.0,178453.0,2026/01/16-22:16:19.007
r,425.0,7231703.0,178085.0,2026/01/16-22:16:19.023
r,426.0,7187671.0,178464.0,2026/01/16-22:16:19.036
r,427.0,7255243.0,178987.0,2026/01/16-22:16:19.052
r,428.0,7227914.0,177654.0,2026/01/16-22:16:19.067
r,429.0,7202170.0,177970.0,2026/01/16-22:16:19.083
r,430.0,14299859.0,254387.0,2026/01/16-22:16:20.004
r,431.0,15741534.0,259483.0,2026/01/16-22:16:20.030
r,432.0,7806146.0,177472.0,2026/01/16-22:16:20.045
r,433.0,7200542.0,178543.0,2026/01/16-22:16:20.058
r,434.0,7219383.0,177936.0,2026/01/16-22:16:20.073
r,435.0,7200340.0,177850.0,2026/01/16-22:16:20.087
r,436.0,7220863.0,179213.0,2026/01/16-22:16:21.003
r,437.0,7218690.0,177916.0,2026/01/16-22:16:21.018
r,438.0,7199507.0,177798.0,2026/01/16-22:16:21.033
r,439.0,7186590.0,177774.0,2026/01/16-22:16:21.048
r,440.0,7219374.0,177820.0,2026/01/16-22:16:21.063
r,441.0,14353616.0,252949.0,2026/01/16-22:16:21.085
r,442.0,14974245.0,259881.0,2026/01/16-22:16:22.011
r,443.0,7832400.0,177400.0,2026/01/16-22:16:22.025
r,444.0,7229353.0,178216.0,2026/01/16-22:16:22.041
r,445.0,7210691.0,178303.0,2026/01/16-22:16:22.056
r,446.0,7263979.0,178714.0,2026/01/16-22:16:22.070
r,447.0,7204938.0,178819.0,2026/01/16-22:16:22.082
r,448.0,7226753.0,179006.0,2026/01/16-22:16:22.098
r,449.0,7234562.0,177902.0,2026/01/16-22:16:23.013
r,450.0,7231742.0,177932.0,2026/01/16-22:16:23.029
r,451.0,7218980.0,178645.0,2026/01/16-22:16:23.042
r,452.0,14156807.0,254116.0,2026/01/16-22:16:23.068
r,453.0,14843771.0,259403.0,2026/01/16-22:16:23.093
r,454.0,7810161.0,177579.0,2026/01/16-22:16:24.009
r,455.0,7231863.0,178711.0,2026/01/16-22:16:24.022
r,456.0,7208868.0,178656.0,2026/01/16-22:16:24.034
r,457.0,7217699.0,177745.0,2026/01/16-22:16:24.050
r,458.0,7243644.0,177900.0,2026/01/16-22:16:24.064
r,459.0,7208981.0,177777.0,2026/01/16-22:16:24.079
r,460.0,7210062.0,177871.0,2026/01/16-22:16:24.094
r,461.0,7251792.0,177856.0,2026/01/16-22:16:25.009
r,462.0,7216585.0,177930.0,2026/01/16-22:16:25.024
r,463.0,14768240.0,252786.0,2026/01/16-22:16:25.050
r,464.0,14723491.0,259860.0,2026/01/16-22:16:25.071
r,465.0,7958194.0,943290.0,2026/01/16-22:28:45.079
r,466.0,7221036.0,943745.0,2026/01/16-22:28:45.094
r,467.0,7248805.0,943729.0,2026/01/16-22:28:46.009
r,468.0,7261308.0,944873.0,2026/01/16-22:28:46.025
r,469.0,7242891.0,943645.0,2026/01/16-22:28:46.040
r,470.0,7257347.0,943864.0,2026/01/16-22:28:46.054
r,471.0,7229487.0,944575.0,2026/01/16-22:28:46.067
r,472.0,7269906.0,943779.0,2026/01/16-22:28:46.082
r,473.0,7239005.0,943779.0,2026/01/16-22:28:46.096
r,474.0,14506666.0,1396225.0,2026/01/16-22:28:47.023
r,475.0,15072292.0,1398334.0,2026/01/16-22:28:47.049
r,476.0,7769881.0,943309.0,2026/01/16-22:28:47.064
r,477.0,7123504.0,943928.0,2026/01/16-22:28:47.079
r,478.0,7150238.0,943832.0,2026/01/16-22:28:47.094
r,479.0,7165989.0,943626.0,2026/01/16-22:28:48.010
r,480.0,7142336.0,944440.0,2026/01/16-22:28:48.023
r,481.0,7141701.0,943684.0,2026/01/16-22:28:48.039
r,482.0,7169976.0,943814.0,2026/01/16-22:28:48.054
r,483.0,7167163.0,943790.0,2026/01/16-22:28:48.069
r,484.0,7141332.0,944386.0,2026/01/16-22:28:48.083
r,485.0,14436386.0,1395525.0,2026/01/16-22:28:49.010
r,486.0,14979922.0,1398907.0,2026/01/16-22:28:49.036
r,487.0,7859365.0,943382.0,2026/01/16-22:28:49.051
r,488.0,7282334.0,943607.0,2026/01/16-22:28:49.066
r,489.0,7217836.0,943827.0,2026/01/16-22:28:49.082
r,490.0,7259637.0,943878.0,2026/01/16-22:28:49.098
r,491.0,7280051.0,944940.0,2026/01/16-22:28:50.014
r,492.0,7265252.0,944040.0,2026/01/16-22:28:50.029
r,493.0,7326642.0,943781.0,2026/01/16-22:28:50.045
r,494.0,7301413.0,944526.0,2026/01/16-22:28:50.061
r,495.0,7282114.0,943878.0,2026/01/16-22:28:50.076
r,496.0,14052471.0,1396740.0,2026/01/16-22:28:50.095
r,497.0,14488788.0,1398703.0,2026/01/16-22:28:51.016
r,498.0,7935615.0,944123.0,2026/01/16-22:28:51.031
r,499.0,7313296.0,943817.0,2026/01/16-22:28:51.047
r,500.0,7304014.0,943658.0,2026/01/16-22:28:51.062
r,501.0,7326642.0,943797.0,2026/01/16-22:28:51.077
r,502.0,7327260.0,944158.0,2026/01/16-22:28:51.093
r,503.0,7316661.0,944586.0,2026/01/16-22:28:52.006
r,504.0,7273290.0,944964.0,2026/01/16-22:28:52.022
r,505.0,7274727.0,944611.0,2026/01/16-22:28:52.035
r,506.0,7292845.0,944156.0,2026/01/16-22:28:52.050
r,507.0,14355756.0,1396828.0,2026/01/16-22:28:52.074
r,508.0,14844289.0,1398422.0,2026/01/16-22:28:52.093
r,509.0,7959235.0,943420.0,2026/01/16-22:28:53.007
r,510.0,7339250.0,943596.0,2026/01/16-22:28:53.023
r,511.0,7318787.0,943657.0,2026/01/16-22:28:53.038
r,512.0,7330157.0,944600.0,2026/01/16-22:28:53.051
r,513.0,7321838.0,943718.0,2026/01/16-22:28:53.066
r,514.0,7323731.0,943675.0,2026/01/16-22:28:53.081
r,515.0,7345965.0,944583.0,2026/01/16-22:28:53.094
r,516.0,7326534.0,943690.0,2026/01/16-22:28:54.009
r,517.0,7327031.0,943666.0,2026/01/16-22:28:54.024
r,518.0,14548951.0,1396003.0,2026/01/16-22:28:54.050
r,519.0,14730874.0,1398698.0,2026/01/16-22:28:54.070
r,520.0,7928942.0,943604.0,2026/01/16-22:28:54.085
r,521.0,7336125.0,945157.0,2026/01/16-22:28:55.000
r,522.0,7326453.0,944703.0,2026/01/16-22:28:55.014
r,523.0,7291809.0,944208.0,2026/01/16-22:28:55.029
r,524.0,7297574.0,945074.0,2026/01/16-22:28:55.045
r,525.0,7295327.0,945055.0,2026/01/16-22:28:55.061
r,526.0,7308164.0,943993.0,2026/01/16-22:28:55.075
r,527.0,7277914.0,943953.0,2026/01/16-22:28:55.090
r,528.0,7279927.0,944422.0,2026/01/16-22:28:56.005
r,529.0,13862020.0,1396279.0,2026/01/16-22:28:56.024
r,530.0,14429770.0,1398023.0,2026/01/16-22:28:56.045
r,531.0,7926388.0,943423.0,2026/01/16-22:28:56.059
r,532.0,7313252.0,943682.0,2026/01/16-22:28:56.075
r,533.0,7307258.0,943674.0,2026/01/16-22:28:56.090
r,534.0,7308732.0,943828.0,2026/01/16-22:28:57.005
r,535.0,7306689.0,944486.0,2026/01/16-22:28:57.020
r,536.0,7314070.0,943735.0,2026/01/16-22:28:57.035
r,537.0,7297743.0,944581.0,2026/01/16-22:28:57.047
r,538.0,7324765.0,943770.0,2026/01/16-22:28:57.063
r,539.0,7327695.0,943770.0,2026/01/16-22:28:57.078
r,540.0,13930491.0,1395217.0,2026/01/16-22:28:57.099
r,541.0,14399000.0,1398084.0,2026/01/16-22:28:58.019
r,542.0,7872435.0,943851.0,2026/01/16-22:28:58.034
r,543.0,7263491.0,943710.0,2026/01/16-22:28:58.050
r,544.0,7257905.0,944240.0,2026/01/16-22:28:58.065
r,545.0,7223741.0,943650.0,2026/01/16-22:28:58.080
r,546.0,7219054.0,944613.0,2026/01/16-22:28:58.093
r,547.0,7248065.0,943687.0,2026/01/16-22:28:59.008
r,548.0,7234756.0,944092.0,2026/01/16-22:28:59.022
r,549.0,7241592.0,943698.0,2026/01/16-22:28:59.038
r,550.0,7231663.0,943782.0,2026/01/16-22:28:59.053
r,551.0,13867882.0,1395376.0,2026/01/16-22:28:59.078
r,552.0,14414243.0,1397891.0,2026/01/16-22:28:59.098
r,553.0,7738938.0,943450.0,2026/01/16-22:29:00.013
r,554.0,7129354.0,943677.0,2026/01/16-22:29:00.028
r,555.0,7106745.0,943869.0,2026/01/16-22:29:00.043
r,556.0,7136372.0,944580.0,2026/01/16-22:29:00.055
r,557.0,7122965.0,943748.0,2026/01/16-22:29:00.071
r,558.0,7125829.0,944677.0,2026/01/16-22:29:00.083
r,559.0,7135818.0,943874.0,2026/01/16-22:29:00.098
r,560.0,7125503.0,943832.0,2026/01/16-22:29:01.013
r,561.0,7114131.0,943758.0,2026/01/16-22:29:01.029
r,562.0,13425588.0,1396047.0,2026/01/16-22:29:01.047
r,563.0,14308878.0,1398386.0,2026/01/16-22:29:01.067
r,564.0,7895675.0,943507.0,2026/01/16-22:29:01.082
r,565.0,7271553.0,943742.0,2026/01/16-22:29:01.098
r,566.0,7285394.0,944656.0,2026/01/16-22:29:02.011
r,567.0,7274513.0,943863.0,2026/01/16-22:29:02.026
r,568.0,7285558.0,943817.0,2026/01/16-22:29:02.040
r,569.0,7286588.0,943816.0,2026/01/16-22:29:02.055
r,570.0,7272884.0,943795.0,2026/01/16-22:29:02.071
r,571.0,7279760.0,944478.0,2026/01/16-22:29:02.085
r,572.0,7294114.0,943739.0,2026/01/16-22:29:03.003
r,573.0,13651286.0,1395854.0,2026/01/16-22:29:03.022
r,574.0,14054559.0,1398044.0,2026/01/16-22:29:03.042
r,575.0,7834997.0,943266.0,2026/01/16-22:29:03.057
r,576.0,7218431.0,943903.0,2026/01/16-22:29:03.072
r,577.0,7209645.0,944694.0,2026/01/16-22:29:03.084
r,578.0,7223194.0,944570.0,2026/01/16-22:29:03.097
r,579.0,7208074.0,944532.0,2026/01/16-22:29:04.010
r,580.0,7207546.0,944624.0,2026/01/16-22:29:04.023
r,581.0,7214520.0,944538.0,2026/01/16-22:29:04.037
r,582.0,7219570.0,943830.0,2026/01/16-22:29:04.052
r,583.0,7207301.0,943665.0,2026/01/16-22:29:04.067
r,584.0,13837528.0,1394781.0,2026/01/16-22:29:04.092
r,585.0,14856168.0,1397213.0,2026/01/16-22:29:05.018
r,586.0,7966431.0,943330.0,2026/01/16-22:29:05.033
r,587.0,7371948.0,943671.0,2026/01/16-22:29:05.048
r,588.0,7362461.0,943872.0,2026/01/16-22:29:05.063
r,589.0,7363722.0,943885.0,2026/01/16-22:29:05.077
r,590.0,7374661.0,943770.0,2026/01/16-22:29:05.092
r,591.0,7370572.0,944566.0,2026/01/16-22:29:06.005
r,592.0,7391139.0,945014.0,2026/01/16-22:29:06.020
r,593.0,7368630.0,944572.0,2026/01/16-22:29:06.033
r,594.0,7383149.0,943721.0,2026/01/16-22:29:06.048
r,595.0,13799505.0,1395754.0,2026/01/16-22:29:06.068
r,596.0,14746926.0,1397915.0,2026/01/16-22:29:06.093
r,597.0,7863606.0,944127.0,2026/01/16-22:29:07.008
r,598.0,7241010.0,943772.0,2026/01/16-22:29:07.023
r,599.0,7252602.0,944599.0,2026/01/16-22:29:07.036
r,600.0,7252476.0,945030.0,2026/01/16-22:29:07.051
r,601.0,7247362.0,944546.0,2026/01/16-22:29:07.064
r,602.0,7218269.0,943686.0,2026/01/16-22:29:07.079
r,603.0,7232129.0,944662.0,2026/01/16-22:29:07.091
r,604.0,7222536.0,943669.0,2026/01/16-22:29:08.006
r,605.0,7240599.0,943765.0,2026/01/16-22:29:08.022
r,606.0,13573609.0,1394841.0,2026/01/16-22:29:08.048
r,607.0,14192983.0,1397455.0,2026/01/16-22:29:08.067
r,608.0,7807541.0,943097.0,2026/01/16-22:29:08.082
r,609.0,7270594.0,944609.0,2026/01/16-22:29:08.098
r,610.0,7227624.0,943622.0,2026/01/16-22:29:09.012
r,611.0,7223180.0,944809.0,2026/01/16-22:29:09.028
r,612.0,7265093.0,943574.0,2026/01/16-22:29:09.043
r,613.0,7237677.0,943586.0,2026/01/16-22:29:09.058
r,614.0,7259786.0,943550.0,2026/01/16-22:29:09.074
r,615.0,7256206.0,943549.0,2026/01/16-22:29:09.090
r,616.0,7276419.0,944501.0,2026/01/16-22:29:10.005
r,617.0,13468230.0,1396362.0,2026/01/16-22:29:10.026
r,618.0,14115716.0,1397799.0,2026/01/16-22:29:10.047
r,619.0,7838668.0,943528.0,2026/01/16-22:29:10.062
r,620.0,7228591.0,944474.0,2026/01/16-22:29:10.077
r,621.0,7264352.0,943803.0,2026/01/16-22:29:10.092
r,622.0,7253714.0,943785.0,2026/01/16-22:29:11.007
r,623.0,7267992.0,943799.0,2026/01/16-22:29:11.023
r,624.0,7272700.0,943900.0,2026/01/16-22:29:11.038
r,625.0,7208134.0,944632.0,2026/01/16-22:29:11.051
r,626.0,7247666.0,943713.0,2026/01/16-22:29:11.066
r,627.0,7255106.0,945107.0,2026/01/16-22:29:11.082
r,628.0,7234382.0,943694.0,2026/01/16-22:29:11.097
r,629.0,7230468.0,944512.0,2026/01/16-22:29:12.010
r,630.0,7220655.0,943767.0,2026/01/16-22:29:12.025
r,631.0,7236615.0,943852.0,2026/01/16-22:29:12.040
r,632.0,7238851.0,944496.0,2026/01/16-22:29:12.053
r,633.0,7212645.0,944580.0,2026/01/16-22:29:12.066
r,634.0,7220239.0,943679.0,2026/01/16-22:29:12.082
r,635.0,7244293.0,944548.0,2026/01/16-22:29:12.095
r,636.0,7223432.0,943764.0,2026/01/16-22:29:13.010
r,637.0,7235704.0,945072.0,2026/01/16-22:29:13.026
r,638.0,7240507.0,944544.0,2026/01/16-22:29:13.039
r,639.0,7264358.0,943794.0,2026/01/16-22:29:13.055
r,640.0,7180433.0,943768.0,2026/01/16-22:29:13.070
r,641.0,7262702.0,944630.0,2026/01/16-22:29:13.083
r,642.0,7232197.0,944955.0,2026/01/16-22:29:13.099
r,643.0,7255648.0,944170.0,2026/01/16-22:29:14.013
r,644.0,7265630.0,943763.0,2026/01/16-22:29:14.029
r,645.0,7231831.0,943888.0,2026/01/16-22:29:14.044
r,646.0,7245481.0,944553.0,2026/01/16-22:29:14.057
r,647.0,7234806.0,944577.0,2026/01/16-22:29:14.070
r,648.0,7260768.0,944203.0,2026/01/16-22:29:14.084
r,649.0,7291773.0,944045.0,2026/01/16-22:29:15.000
r,650.0,7263390.0,943973.0,2026/01/16-22:29:15.016
r,651.0,7270922.0,944030.0,2026/01/16-22:29:15.032
r,652.0,7273399.0,945149.0,2026/01/16-22:29:15.047
r,653.0,7225318.0,944936.0,2026/01/16-22:29:15.062
r,654.0,7240427.0,944010.0,2026/01/16-22:29:15.078
r,655.0,7232734.0,945049.0,2026/01/16-22:29:15.091
r,656.0,7214701.0,944221.0,2026/01/16-22:29:16.007
